No.,Ticker,Company,Index,Sector,Industry,Country,Market Cap,P/E,Book/sh,Cash/sh,Dividend Yield,EPS Surprise,Revenue Surprise,Short Ratio,Total Debt/Equity,Profit Margin,Performance (Quarter),Performance (YTD),Beta,Earnings Date,Average Volume,Target Price,Price,Change
1,CHT,Chunghwa Telecom ADR,-,Communication Services,Telecom Services,Taiwan,30906.81,26.7,15.14,2.28,3.75%,9.55%,0.98%,7.29,0.11,16.19%,8.32%,5.82%,0.21,1/23/2025 16:30,118.58,37.73,39.84,2.68%
2,RDY,Dr. Reddy's Laboratories Ltd. ADR,-,Healthcare,Drug Manufacturers - Specialty & Generic,India,10817.93,16.89,4.45,0.84,0.73%,-5.98%,2.01%,7.14,0.16,17.25%,-15.79%,-17.76%,0.34,1/23/2025 16:30,2087.53,15.55,12.98,2.16%
3,NVR,NVR Inc,S&P 500,Consumer Cyclical,Residential Construction,USA,20722.75,13.75,1449.28,897.5,,8.18%,1.22%,3.05,0.24,16.32%,-11.03%,-14.66%,1,1/28/2025 8:30,27.7,8923.33,6979.69,-0.27%
4,FFIV,F5 Inc,S&P 500,Technology,Software - Infrastructure,USA,14889.57,25.7,55.66,19.96,,14.31%,7.14%,2.09,0.08,20.58%,1.55%,2.70%,0.99,1/28/2025 16:30,623.64,293.11,258.27,1.28%
5,HLI,Houlihan Lokey Inc,-,Financial,Capital Markets,USA,10348.63,28.18,29.66,11.41,1.55%,8.11%,5.02%,2.1,0.21,15.98%,-12.29%,-15.06%,0.84,1/28/2025 16:30,449.12,170,147.51,-1.76%
6,EXP,Eagle Materials Inc,-,Basic Materials,Building Materials,USA,7211.43,15.48,44.81,0.94,0.46%,-8.11%,-2.75%,3.03,0.7,20.91%,-7.81%,-12.21%,1.34,1/29/2025 8:30,407.01,269.55,216.64,0.05%
7,HES,Hess Corporation,S&P 500,Energy,Oil & Gas E&P,USA,38756.51,13.95,36.38,3.79,1.61%,17.94%,9.77%,3.54,0.84,21.47%,-12.01%,-5.80%,0.69,1/29/2025 8:30,2130.96,165.63,125.3,-1.46%
8,CP,Canadian Pacific Kansas City Limited,-,Industrials,Railroads,Canada,67717.32,25.03,35.67,0.55,0.82%,4.21%,0.02%,2.63,0.48,25.51%,-2.90%,0.21%,1.05,1/29/2025 16:30,3604.65,87.2,72.53,1.85%
9,DLB,Dolby Laboratories Inc,-,Industrials,Specialty Business Services,USA,6933.07,26.53,26.03,6.35,1.75%,2.00%,3.14%,1.95,0.02,19.97%,-5.80%,-7.89%,0.96,1/29/2025 16:30,516.53,100,71.94,-0.86%
10,MSFT,Microsoft Corporation,"DJIA, NDX, S&P 500",Technology,Software - Infrastructure,USA,2866915.09,31.06,40.71,9.63,0.85%,3.54%,1.11%,1.98,0.34,35.43%,-7.95%,-8.51%,0.95,1/29/2025 16:30,25306.81,497,385.65,1.13%
11,TER,"Teradyne, Inc",S&P 500,Technology,Semiconductor Equipment & Materials,USA,11589.59,21.72,17.43,3.73,0.72%,4.50%,1.63%,1.38,0.03,19.26%,-46.29%,-42.77%,1.69,1/29/2025 16:30,3439.7,112.57,72.06,-0.32%
12,CSWI,CSW Industrials Inc,RUT,Industrials,Specialty Industrial Machinery,USA,4851.82,34.54,62.2,12.74,0.32%,3.18%,0.82%,3.57,0.07,15.53%,-20.16%,-18.06%,0.97,1/30/2025 8:30,136.66,364.5,289.09,2.51%
13,DT,Dynatrace Inc,-,Technology,Software - Application,USA,12773.26,26.79,8.53,3.37,,12.05%,2.30%,2.16,0.03,29.51%,-15.82%,-21.49%,0.96,1/30/2025 8:30,3271.6,64.79,42.67,-1.64%
14,PH,Parker-Hannifin Corp,S&P 500,Industrials,Specialty Industrial Machinery,USA,71253.96,22.89,101.88,3.07,1.19%,4.41%,-1.47%,1.4,0.69,15.87%,-12.17%,-13.00%,1.36,1/30/2025 8:30,901.56,742.06,553.36,-1.22%
15,DECK,Deckers Outdoor Corp,S&P 500,Consumer Cyclical,Footwear & Accessories,USA,16157.82,17.28,17.33,14.76,,16.17%,5.36%,1.83,0.1,19.14%,-48.69%,-47.58%,1.09,1/30/2025 16:30,3510.17,200.29,106.46,-2.89%
16,V,Visa Inc,"DJIA, S&P 500",Financial,Credit Services,USA,645233.01,33.74,19.13,9.43,0.73%,3.33%,1.73%,4.41,0.54,53.54%,7.34%,4.51%,0.96,1/30/2025 16:30,7132.12,381.17,330.28,1.75%
17,ETN,Eaton Corporation plc,S&P 500,Industrials,Specialty Industrial Machinery,Ireland,106351.68,28.57,47.06,5.31,1.49%,0.76%,-1.34%,1.64,0.54,15.25%,-20.50%,-18.20%,1.11,1/31/2025 8:30,4010.65,347.74,271.46,0.28%
18,NVS,Novartis AG ADR,-,Healthcare,Drug Manufacturers - General,Switzerland,201693.78,18.1,22.3,7.09,3.66%,9.73%,2.45%,1.33,0.71,23.73%,7.28%,9.23%,0.62,1/31/2025 8:30,2422.6,118.39,106.29,2.79%
19,EQR,Equity Residential Properties Trust,S&P 500,Real Estate,REIT - Residential,USA,24773.88,23.77,29.06,0.16,4.38%,165.89%,1.33%,2.91,0.76,34.86%,-5.46%,-11.76%,0.93,2/3/2025 16:30,1799.45,77.35,63.32,-1.48%
20,RMBS,Rambus Inc,RUT,Technology,Semiconductors,USA,4938.75,27.79,10.49,4.48,,-18.32%,3.87%,4.38,0.03,32.31%,-18.26%,-13.04%,1.26,2/3/2025 16:30,1059.19,76.43,45.97,-0.59%
21,AME,Ametek Inc,S&P 500,Industrials,Specialty Industrial Machinery,USA,36050.05,26.36,41.85,1.62,0.78%,1.12%,-3.20%,1.53,0.24,19.83%,-11.31%,-13.33%,1.13,2/4/2025 8:30,1489.05,198.64,156.23,-0.75%
22,MLI,"Mueller Industries, Inc",RUT,Industrials,Metal Fabrication,USA,8064.77,13.72,24.38,9.58,1.17%,8.04%,3.42%,4.39,0.01,16.05%,-6.90%,-8.25%,1.03,2/4/2025 8:30,890.77,105,72.82,0.28%
23,APAM,Artisan Partners Asset Management Inc,RUT,Financial,Asset Management,USA,2774.93,9.69,5.55,3.34,9.37%,10.82%,1.47%,3.8,0.77,19.95%,-14.18%,-18.81%,1.64,2/4/2025 16:30,576.35,38.94,34.56,-1.29%
24,ATO,Atmos Energy Corp,S&P 500,Utilities,Utilities - Regulated Gas,USA,23677.15,21.33,80.52,3.71,2.34%,1.29%,-12.87%,4.97,0.67,25.89%,8.85%,7.11%,0.73,2/4/2025 16:30,978.28,155.7,149.17,-0.08%
25,CRUS,"Cirrus Logic, Inc",-,Technology,Semiconductors,USA,4554.52,15.58,36.94,10.61,,23.09%,8.90%,1.7,0.07,16.55%,-15.27%,-13.94%,0.97,2/4/2025 16:30,745.38,130.83,85.7,1.00%
26,GOOG,Alphabet Inc,"NDX, S&P 500",Communication Services,Internet Content & Information,USA,1909872.12,19.65,26.62,7.92,0.34%,1.45%,-0.24%,1.75,0.09,28.62%,-18.15%,-16.98%,0.99,2/4/2025 16:30,22039.03,209.81,158.1,1.76%
27,GOOGL,Alphabet Inc,"NDX, S&P 500",Communication Services,Internet Content & Information,USA,1913799.62,19.37,26.62,7.79,0.32%,1.41%,-0.23%,1.96,0.09,28.62%,-18.86%,-17.68%,0.99,2/4/2025 16:30,34318.75,209.56,155.82,1.97%
28,JKHY,"Jack Henry & Associates, Inc",S&P 500,Technology,Information Technology Services,USA,12433.43,30.76,27.1,0.35,1.30%,1.42%,-0.43%,3.34,0.1,17.82%,-0.84%,-2.70%,0.75,2/4/2025 16:30,683.72,188,170.56,0.25%
29,IEX,Idex Corporation,S&P 500,Industrials,Specialty Industrial Machinery,USA,12566.38,25,50,8.46,1.67%,0.90%,0.10%,1.71,0.52,15.45%,-19.26%,-20.52%,1.06,2/5/2025 8:30,629.02,224.75,166.35,-0.37%
30,NVO,Novo Nordisk ADR,-,Healthcare,Drug Manufacturers - General,Denmark,214735.62,19.44,4.49,1.09,3.06%,6.56%,7.50%,1.68,0.72,34.81%,-26.00%,-25.80%,0.69,2/5/2025 8:30,8717.44,113.29,63.83,4.28%
31,TROW,T. Rowe Price Group Inc,S&P 500,Financial,Asset Management,USA,19375.09,9.52,46.4,11.92,5.82%,-3.25%,-2.26%,4.97,0.03,28.82%,-19.69%,-22.91%,1.49,2/5/2025 8:30,2025.07,92.15,87.18,1.44%
32,UBER,Uber Technologies Inc,S&P 500,Technology,Software - Application,USA,146639.02,15.3,10.23,3.6,,546.01%,1.72%,2.37,0.53,22.41%,6.29%,16.25%,1.42,2/5/2025 8:30,23588.19,89.77,70.12,-1.16%
33,RYN,Rayonier Inc,-,Real Estate,REIT - Specialty,USA,3736.77,10.15,11.91,2.2,5.25%,37.13%,11.55%,3.54,0.67,28.43%,-4.03%,-8.26%,1.11,2/5/2025 16:30,1182.07,31.33,23.94,-1.22%
34,AMG,Affiliated Managers Group Inc,-,Financial,Asset Management,USA,4511.21,10.5,113.02,33.57,0.03%,8.60%,-1.20%,3.2,0.79,25.04%,-12.82%,-16.62%,1.07,2/6/2025 8:30,239.04,179.57,154.19,0.43%
35,COP,Conoco Phillips,S&P 500,Energy,Oil & Gas E&P,USA,105342.91,10.68,50.79,4.84,3.79%,7.80%,2.01%,2.1,0.39,16.88%,-18.24%,-15.97%,0.71,2/6/2025 8:30,9200.93,127.15,83.33,0.05%
36,LIN,Linde Plc,"NDX, S&P 500",Basic Materials,Specialty Chemicals,United Kingdom,206851.54,32.12,80.49,10.26,1.37%,0.86%,-1.61%,2.29,0.59,19.89%,5.61%,4.47%,1.01,2/6/2025 8:30,2470.7,499.5,437.4,1.28%
37,MKTX,MarketAxess Holdings Inc,S&P 500,Financial,Capital Markets,USA,8232.58,30.01,36.89,15.94,1.41%,3.13%,-0.12%,1.68,0.05,33.49%,1.37%,-3.38%,0.87,2/6/2025 8:30,723.31,228.83,218.41,3.85%
38,PBH,Prestige Consumer Healthcare Inc,RUT,Healthcare,Drug Manufacturers - Specialty & Generic,USA,3975.17,18.8,36.07,1.03,,3.82%,0.89%,4.36,0.57,19.13%,8.44%,2.76%,0.46,2/6/2025 8:30,361.16,89,80.25,-0.58%
39,WMS,Advanced Drainage Systems Inc,-,Industrials,Building Products & Equipment,USA,7971.96,17.19,20.24,6.3,0.62%,-9.02%,2.24%,3.39,0.91,15.90%,-8.92%,-11.10%,1.3,2/6/2025 8:30,679.76,146.67,102.76,-0.61%
40,EXPO,Exponent Inc,RUT,Industrials,Engineering & Construction,USA,4020.8,37.41,8.29,5.09,1.52%,14.12%,3.49%,4.85,0.19,19.52%,-11.24%,-11.20%,0.94,2/6/2025 16:30,309.21,108,79.12,0.15%
41,ONTO,Onto Innovation Inc,-,Technology,Semiconductor Equipment & Materials,USA,5685.3,28.67,39.11,17.45,,7.34%,1.30%,1.34,0.01,20.43%,-38.60%,-30.15%,1.52,2/6/2025 16:30,1121.71,220.62,116.42,-1.37%
42,PINS,Pinterest Inc,-,Communication Services,Internet Content & Information,USA,17260.24,9.43,7.03,3.71,,-12.95%,1.24%,2.05,0.04,51.07%,-16.83%,-12.07%,0.86,2/6/2025 16:30,13029.03,42.87,25.5,-2.78%
43,REG,Regency Centers Corporation,S&P 500,Real Estate,REIT - Retail,USA,12459.5,32.31,35.93,0.34,4.16%,-5.10%,1.22%,4.64,0.75,26.55%,-0.88%,-7.72%,1.03,2/6/2025 16:30,1151,79.59,68.23,-0.28%
44,VCTR,Victory Capital Holdings Inc,RUT,Financial,Asset Management,USA,3431.29,12.29,17.62,1.99,3.49%,6.13%,1.14%,5.22,0.88,31.70%,-12.17%,-17.67%,1.07,2/6/2025 16:30,314.29,71.75,53.89,-0.31%
45,CARR,Carrier Global Corp,S&P 500,Industrials,Building Products & Equipment,USA,50430.95,13.95,16.03,4.6,1.56%,7.42%,-2.97%,2.35,0.91,16.39%,-12.24%,-14.49%,1.33,2/11/2025 8:30,5888.77,77.68,58.37,-1.15%
46,WPC,W. P. Carey Inc,-,Real Estate,REIT - Diversified,USA,12506.8,27.3,38.52,2.92,6.27%,-42.64%,3.02%,3.55,0.98,29.11%,6.00%,4.84%,0.84,2/11/2025 16:30,1308.72,63.6,57.12,0.63%
47,BAM,Brookfield Asset Management Ltd,-,Financial,Asset Management,USA,75275.78,35.42,7.73,0.01,3.79%,3.17%,-16.69%,5.37,0.07,112.24%,-11.71%,-15.16%,1.53,2/12/2025 8:30,2024.99,56.76,45.97,-0.23%
48,GOLD,Barrick Gold Corp,-,Basic Materials,Gold,Canada,35138.8,16.69,14.06,2.37,2.03%,10.52%,-7.64%,0.65,0.19,16.59%,29.97%,31.81%,0.24,2/12/2025 8:30,24735.31,23.34,20.43,6.19%
49,MLM,"Martin Marietta Materials, Inc",S&P 500,Basic Materials,Building Materials,USA,29168.81,14.79,154.65,10.99,0.67%,4.48%,-0.90%,3.19,0.64,30.54%,-5.96%,-7.38%,0.88,2/12/2025 8:30,581.9,609.98,478.38,0.65%
50,WAT,Waters Corp,S&P 500,Healthcare,Diagnostics & Research,USA,18778.07,29.46,30.79,5.47,,1.70%,1.83%,2.69,0.93,21.56%,-17.02%,-14.92%,1.18,2/12/2025 8:30,539.9,406.5,315.62,0.31%
51,CSCO,"Cisco Systems, Inc","DJIA, NDX, S&P 500",Technology,Communication Equipment,USA,226722.89,24.97,11.45,4.62,2.84%,3.34%,0.87%,2.6,0.71,16.96%,-2.98%,-3.73%,0.89,2/12/2025 16:30,23594.72,70.44,56.99,0.71%
52,CTRE,CareTrust REIT Inc,RUT,Real Estate,REIT - Healthcare Facilities,USA,5138.18,34.98,15.55,1.14,4.57%,-5.84%,2.81%,3.34,0.14,42.06%,4.98%,1.22%,0.9,2/12/2025 16:30,1868.86,31.62,27.38,-1.05%
53,GMAB,Genmab ADR,-,Healthcare,Biotechnology,Denmark,11801.23,10.6,8.02,4.61,,132.45%,0.12%,1.31,0.03,36.30%,-16.16%,-11.02%,1.05,2/12/2025 16:30,1641.85,30.8,18.57,3.11%
54,KGC,Kinross Gold Corp,-,Basic Materials,Gold,Canada,17705.91,18.71,5.58,0.51,0.83%,-17.18%,-2.58%,0.44,0.21,18.43%,37.83%,55.23%,0.6,2/12/2025 16:30,21887.7,14.14,14.39,5.11%
55,MSA,MSA Safety Inc,-,Industrials,Security & Protection Services,USA,5572.72,19.7,29.03,4.21,1.44%,0.34%,-3.55%,2.77,0.49,15.76%,-9.19%,-14.37%,0.95,2/12/2025 16:30,180.36,185.75,141.94,0.05%
56,PAYC,Paycom Software Inc,S&P 500,Technology,Software - Application,USA,12190.93,23.68,28.19,6.95,0.36%,17.72%,2.63%,3.17,0.05,26.66%,4.32%,2.81%,0.81,2/12/2025 16:30,691.15,223.93,210.73,0.24%
57,RGLD,"Royal Gold, Inc",-,Basic Materials,Gold,USA,11767.16,35.43,47.48,2.97,1.02%,10.02%,7.87%,3.32,0,46.15%,32.77%,35.62%,0.47,2/12/2025 16:30,520.32,179,178.82,4.59%
58,GPN,"Global Payments, Inc",S&P 500,Technology,Software - Infrastructure,USA,20105.77,13.24,89.59,11.13,1.30%,-0.35%,-0.83%,3.24,0.77,15.54%,-22.65%,-27.03%,0.98,2/13/2025 8:30,2411.16,126.71,81.77,-1.76%
59,ABNB,Airbnb Inc,"NDX, S&P 500",Consumer Cyclical,Travel Services,USA,70867.29,27.19,13.5,16.87,,26.14%,2.42%,2.79,0.27,23.85%,-13.30%,-14.47%,1.13,2/13/2025 16:30,5753.39,152.67,112.39,-1.33%
60,AMAT,Applied Materials Inc,"NDX, S&P 500",Technology,Semiconductor Equipment & Materials,USA,114931.94,18.51,22.92,10.11,1.17%,4.40%,0.25%,2.23,0.35,22.97%,-17.59%,-13.01%,1.68,2/13/2025 16:30,7835.15,207.3,141.46,2.33%
61,COIN,Coinbase Global Inc,-,Financial,Financial Data & Stock Exchanges,USA,43276.3,17.96,40.52,38.7,,106.54%,23.37%,0.98,0.45,35.66%,-34.13%,-31.35%,3.52,2/13/2025 16:30,9570.25,287.52,170.46,0.50%
62,BHP,BHP Group Limited ADR,-,Basic Materials,Other Industrial Metals & Mining,Australia,114054.78,10.05,17.95,3.89,4.78%,-12.95%,0.51%,3.42,0.44,21.23%,-7.40%,-7.95%,1,2/17/2025 16:30,3041.81,50.5,44.95,3.36%
63,BIDU,Baidu Inc ADR,-,Communication Services,Internet Content & Information,China,22521.89,8.78,129.03,68.1,,34.13%,2.91%,1.55,0.3,17.41%,3.91%,-4.57%,0.43,2/18/2025 8:30,5934.51,107.77,80.46,2.54%
64,CEG,Constellation Energy Corporation,"NDX, S&P 500",Utilities,Utilities - Renewable,USA,63501.61,17.05,42.06,9.99,0.77%,12.79%,-18.01%,1.93,0.68,15.90%,-33.59%,-9.40%,0.99,2/18/2025 8:30,4801.72,317.88,202.68,-0.89%
65,ANET,Arista Networks Inc,S&P 500,Technology,Computer Hardware,USA,90788.21,32.34,7.92,6.58,,14.54%,1.45%,1.87,0.01,40.73%,-37.04%,-34.87%,1.39,2/18/2025 16:30,11967.23,114.3,71.99,-0.91%
66,DVN,Devon Energy Corp,S&P 500,Energy,Oil & Gas E&P,USA,17594.39,5.93,22.28,1.3,3.66%,15.49%,4.66%,1.64,0.64,18.57%,-24.67%,-17.17%,1.13,2/18/2025 16:30,10023.57,47.72,27.11,-2.31%
67,AU,AngloGold Ashanti Plc,-,Basic Materials,Gold,United Kingdom,21571.48,18.39,13.17,2.87,4.02%,-14.83%,-6.94%,1.93,0.32,17.33%,64.90%,85.62%,0.48,2/19/2025 8:30,2724.92,37.58,42.84,10.27%
68,TRMB,Trimble Inc,S&P 500,Technology,Scientific & Technical Instruments,USA,13998.72,9.34,23.9,3.01,,0.62%,4.14%,2.97,0.26,40.84%,-18.90%,-19.40%,1.68,2/19/2025 8:30,1670.75,88.38,56.95,-1.87%
69,BMRN,Biomarin Pharmaceutical Inc,-,Healthcare,Biotechnology,USA,10630.85,25.21,29.66,5.93,,19.85%,4.87%,2.71,0.11,15.03%,-17.72%,-15.65%,0.35,2/19/2025 16:30,1726.11,97.73,55.44,-1.56%
70,CWAN,Clearwater Analytics Holdings Inc,RUT,Technology,Software - Application,USA,5800.73,13.69,4.29,0.99,,14.44%,5.09%,3.45,0.07,93.98%,-16.59%,-18.08%,0.82,2/19/2025 16:30,2628.14,35.78,22.54,-2.23%
71,LOPE,Grand Canyon Education Inc,-,Consumer Defensive,Education & Training Services,USA,4900.32,22.05,27.16,11.3,,0.45%,1.02%,1.8,0.14,21.90%,6.03%,4.15%,0.79,2/19/2025 16:30,201.71,199.33,170.6,0.17%
72,NDSN,Nordson Corp,S&P 500,Industrials,Specialty Industrial Machinery,USA,10357.53,23.17,50.55,2.29,1.73%,-1.32%,-3.78%,3.19,0.8,16.93%,-9.06%,-13.02%,0.92,2/19/2025 16:30,377.79,242.29,181.99,0.53%
73,RIO,Rio Tinto plc ADR,-,Basic Materials,Other Industrial Metals & Mining,United Kingdom,70679.59,8.01,34.02,7.11,6.67%,-1.66%,-1.81%,2.18,0.25,21.53%,-4.19%,-4.14%,0.74,2/19/2025 16:30,3425.93,82.33,56.38,2.74%
74,ATHM,Autohome Inc ADR,-,Communication Services,Internet Content & Information,China,3089.52,13.8,29.18,26.47,6.65%,-27.91%,-1.49%,3.06,0,23.00%,0.59%,-1.70%,0.05,2/20/2025 8:30,531.44,31.61,25.51,0.39%
75,GFI,Gold Fields Ltd ADR,-,Basic Materials,Gold,South Africa,22106.99,18.18,5.81,0.96,3.74%,0.00%,0.00%,1.42,0.57,23.89%,67.69%,87.12%,0.55,2/20/2025 8:30,3714.58,23.02,24.7,5.56%
76,IDA,"Idacorp, Inc",-,Utilities,Utilities - Regulated Electric,USA,6231.53,21.02,61.73,6.83,3.05%,11.79%,-15.59%,4.33,0.92,15.77%,8.30%,5.56%,0.57,2/20/2025 8:30,331.9,124.75,115.36,0.06%
77,LAUR,Laureate Education Inc,RUT,Consumer Defensive,Education & Training Services,USA,2846.06,9.72,6.36,0.65,5.32%,21.86%,2.89%,3.32,0.45,18.92%,4.63%,3.20%,0.62,2/20/2025 8:30,833.81,23.62,18.88,-0.71%
78,NICE,NICE Ltd ADR,-,Technology,Software - Application,Israel,9357.06,22.02,56.75,25.79,,2.37%,0.94%,2.29,0.16,16.18%,-7.94%,-12.37%,1.01,2/20/2025 8:30,682.66,207.93,148.83,-0.13%
79,NTES,NetEase Inc ADR,-,Communication Services,Electronic Gaming & Multimedia,China,60200.67,15.1,30.25,30.96,2.42%,19.81%,-1.71%,1.85,0.09,28.20%,6.16%,8.42%,0.69,2/20/2025 8:30,1545.14,118.5,96.72,2.57%
80,CPRT,"Copart, Inc","NDX, S&P 500",Industrials,Specialty Business Services,USA,57076.77,39.68,8.59,3.93,,7.61%,2.83%,3.64,0.01,32.27%,6.18%,2.94%,1.16,2/20/2025 16:30,4730.46,63.5,59.08,0.72%
81,OLED,Universal Display Corp,-,Technology,Electronic Components,USA,5196.91,23.55,34.05,10.38,1.65%,-9.40%,8.15%,1.79,0.01,34.21%,-26.06%,-25.12%,1.52,2/20/2025 16:30,818.54,188.67,109.48,1.27%
82,BVN,Compania de Minas Buenaventura S.A. ADR,-,Basic Materials,Other Precious Metals & Mining,Peru,3762.64,9.35,13.36,1.89,1.58%,-52.80%,0.79%,4.07,0.18,34.88%,16.77%,28.73%,0.46,2/21/2025 8:30,1096.94,15.68,14.83,5.93%
83,KSPI,Kaspi.kz JSC ADR,-,Technology,Software - Infrastructure,Kazakhstan,15633.69,7.13,15.22,,3.48%,-0.98%,-0.81%,1.35,0.09,41.00%,-10.21%,-13.13%,,2/24/2025 8:30,341.43,124.37,82.27,-1.33%
84,ASR,Grupo Aeroportuario Del Sureste S.A. ADR,-,Industrials,Airports & Air Services,Mexico,7537.17,10.99,94.11,38.42,6.75%,5.39%,6.41%,2.08,0.25,43.43%,5.27%,5.62%,0.77,2/24/2025 16:30,52.63,303.63,272.1,2.39%
85,BSM,Black Stone Minerals L.P,-,Energy,Oil & Gas E&P,USA,2888.37,11.92,3.93,0.01,10.96%,9.94%,12.12%,4.57,0.03,63.50%,-8.86%,-6.30%,0.35,2/24/2025 16:30,445.31,17,13.68,-0.07%
86,CTRA,Coterra Energy Inc,S&P 500,Energy,Oil & Gas E&P,USA,18747.1,16.34,17.85,2.98,3.60%,13.19%,-1.02%,3.16,0.29,20.51%,-11.65%,-3.94%,0.37,2/24/2025 16:30,7073.97,34.71,24.53,-0.67%
87,FANG,Diamondback Energy Inc,"NDX, S&P 500",Energy,Oil & Gas E&P,USA,35536.1,7.78,129.68,0.57,3.30%,8.92%,4.45%,1.88,0.35,29.97%,-29.75%,-25.06%,1.12,2/24/2025 16:30,2746.45,201.42,122.78,-0.31%
88,PSA,Public Storage,S&P 500,Real Estate,REIT - Industrial,USA,48132.8,25.79,30.57,2.55,4.51%,24.97%,-0.45%,4.09,0.96,39.88%,-5.05%,-8.37%,0.94,2/24/2025 16:30,789.91,328.17,274.39,-1.32%
89,TCOM,Trip.com Group Ltd ADR,-,Consumer Cyclical,Travel Services,China,34814.85,15.4,30.63,16.74,0.27%,12.08%,3.26%,3.47,0.28,32.04%,-15.33%,-22.12%,0.15,2/24/2025 16:30,4294.4,74,53.47,-1.33%
90,VNOM,Viper Energy Inc,-,Energy,Oil & Gas Midstream,USA,7981,9.92,16.38,0.12,7.64%,343.98%,2.86%,3.07,0.64,42.02%,-26.05%,-25.18%,1.1,2/24/2025 16:30,1913.98,57.62,36.42,-0.23%
91,WDS,Woodside Energy Group Ltd ADR,-,Energy,Oil & Gas E&P,Australia,23003.96,6.5,18.67,2.07,6.52%,11.27%,2.75%,1.84,0.33,25.56%,-22.76%,-22.21%,0.72,2/24/2025 16:30,984.43,16.59,12.14,0.29%
92,ZM,Zoom Communications Inc,-,Technology,Software - Application,USA,21335.85,21.83,29.22,25.57,,8.10%,0.80%,2.33,0.01,21.65%,-12.03%,-14.35%,0.8,2/24/2025 16:30,2701.91,91.18,69.9,0.42%
93,AWI,Armstrong World Industries Inc,-,Industrials,Building Products & Equipment,USA,5724.07,21.86,17.38,1.82,0.91%,8.33%,4.43%,2.01,0.79,18.32%,-6.62%,-6.82%,1.35,2/25/2025 8:30,323.92,162.62,131.7,-0.63%
94,MGEE,"MGE Energy, Inc",RUT,Utilities,Utilities - Regulated Electric,USA,3204.06,26.35,33.71,0.61,2.10%,-27.38%,,6.54,0.65,17.81%,-0.62%,-6.67%,0.79,2/25/2025 8:30,163.61,74.5,87.69,-0.09%
95,CHRD,Chord Energy Corp,-,Energy,Oil & Gas E&P,USA,5115.93,5.4,144.87,0.62,7.09%,25.93%,28.55%,2.38,0.1,16.10%,-30.52%,-26.45%,1.1,2/25/2025 16:30,973.09,148.78,86,0.12%
96,NHI,"National Health Investors, Inc",RUT,Real Estate,REIT - Healthcare Facilities,USA,3341.12,22.94,29.91,0.52,5.07%,28.38%,-3.48%,7.3,0.84,40.78%,8.06%,3.25%,0.8,2/25/2025 16:30,224.76,80.5,71.56,-0.16%
97,DTM,DT Midstream Inc,-,Energy,Oil & Gas Midstream,USA,9131.99,25,45.66,0.67,3.69%,-18.08%,-1.73%,2.93,0.76,36.09%,-13.14%,-9.59%,0.83,2/26/2025 8:30,1250.18,106.46,89.89,-0.18%
98,GHC,Graham Holdings Co,RUT,Consumer Defensive,Education & Training Services,USA,3994.79,5.55,982.54,265.24,0.56%,467.59%,-1.78%,2.17,0.28,15.02%,7.23%,5.07%,0.91,2/26/2025 8:30,20.73,765,916.12,0.96%
99,UTHR,United Therapeutics Corp,-,Healthcare,Drug Manufacturers - Specialty & Generic,USA,12539.33,11.35,143.74,72.74,,-3.28%,0.16%,3.52,0.05,41.53%,-23.50%,-20.87%,0.62,2/26/2025 8:30,486.17,409.9,279.2,0.11%
100,VIST,Vista Energy S.A.B. de C.V ADR,-,Energy,Oil & Gas E&P,Mexico,3483.02,7.69,17.01,8.03,0.54%,-0.62%,2.09%,1.78,0.95,28.98%,-36.73%,-32.36%,1.14,2/26/2025,988.85,67.79,36.6,3.75%
101,A,Agilent Technologies Inc,S&P 500,Healthcare,Diagnostics & Research,USA,28586.37,23.04,21.13,5.15,0.98%,2.26%,-0.90%,1.66,0.56,19.27%,-27.06%,-25.36%,1.29,2/26/2025 16:30,2177.54,147.2,100.27,0.32%
102,CRM,Salesforce Inc,"DJIA, S&P 500",Technology,Software - Application,USA,242220.06,39.62,63.59,14.6,0.51%,6.53%,-0.47%,1.62,0.2,16.35%,-20.70%,-24.61%,1.4,2/26/2025 16:30,7345.29,374.02,252.05,-1.20%
103,GRBK,Green Brick Partners Inc,RUT,Consumer Cyclical,Residential Construction,USA,2396.67,6.39,35.46,3.59,,14.54%,2.08%,3.15,0.21,18.04%,-1.16%,-4.66%,1.92,2/26/2025 16:30,331.14,70,53.86,-2.14%
104,JOE,St. Joe Co,RUT,Real Estate,Real Estate - Diversified,USA,2414.97,32.62,12.42,1.52,1.30%,,,2.79,0.61,18.42%,-4.89%,-7.68%,1.37,2/26/2025 16:30,269.1,19,41.48,-0.36%
105,NVDA,NVIDIA Corp,"DJIA, NDX, S&P 500",Technology,Semiconductors,USA,2663501.48,37.14,3.24,1.77,0.04%,4.97%,3.23%,0.77,0.13,55.85%,-19.68%,-18.71%,2.06,2/26/2025 16:30,304197.32,169.84,109.16,1.48%
106,SNPS,"Synopsys, Inc","NDX, S&P 500",Technology,Software - Infrastructure,USA,63941.63,30.58,60.18,24.66,,8.58%,0.25%,3.22,0.07,34.78%,-16.04%,-14.80%,1.17,2/26/2025 16:30,1337.47,627.95,413.54,1.63%
107,WHD,Cactus Inc,RUT,Energy,Oil & Gas Equipment & Services,USA,2830.57,12.83,15.72,4.3,1.45%,0.23%,-2.00%,4.03,0.04,16.41%,-40.31%,-39.18%,1.54,2/26/2025 16:30,782.07,54.75,35.49,-1.43%
108,CWT,California Water Service Group,RUT,Utilities,Utilities - Regulated Water,USA,2948.84,15.19,27.49,1.61,2.48%,36.48%,2.69%,1.89,0.85,18.40%,18.47%,9.45%,0.68,2/27/2025 8:30,394.24,56,49.57,2.21%
109,LBRDA,Liberty Broadband Corp,-,Communication Services,Telecom Services,USA,10920.86,12.35,68.35,1.12,,-28.07%,4.16%,1.62,0.39,85.53%,3.22%,0.95%,1.05,2/27/2025 8:30,124.11,103,75.07,-0.69%
110,LBRDK,Liberty Broadband Corp,-,Communication Services,Telecom Services,USA,10870.23,12.52,68.35,1.14,,-28.07%,4.16%,4.1,0.39,85.53%,3.55%,1.79%,1.05,2/27/2025 8:30,882.69,103,76.1,-1.15%
111,OPRA,Opera Ltd ADR,-,Communication Services,Internet Content & Information,Norway,2597.77,16.34,5.31,0.72,5.45%,42.22%,5.79%,3.76,0.01,16.80%,-16.07%,-22.49%,1.02,2/27/2025 8:30,482.41,26.14,14.68,-1.67%
112,MAIN,Main Street Capital Corporation,-,Financial,Asset Management,USA,4472.15,8.65,31.65,0.88,7.62%,-2.13%,-0.68%,5.8,0.76,83.28%,-12.06%,-13.35%,0.87,2/27/2025 16:30,586.55,56.75,50.5,-1.90%
113,MNST,Monster Beverage Corp,"NDX, S&P 500",Consumer Defensive,Beverages - Non-Alcoholic,USA,56068.55,38.83,6.12,1.58,,-5.31%,1.03%,2.48,0.07,20.14%,15.83%,9.62%,0.62,2/27/2025 16:30,6934.85,57,57.62,-0.27%
114,PBA,Pembina Pipeline Corporation,-,Energy,Oil & Gas Midstream,Canada,20681.03,16.29,18.37,0.17,5.54%,7.62%,2.33%,8.13,0.76,23.53%,-1.79%,-3.60%,0.84,2/27/2025 16:30,1504.19,43.13,35.62,1.31%
115,BUR,Burford Capital Limited,RUT,Financial,Asset Management,United Kingdom,2706.61,18.96,11.03,2.51,1.01%,-111.19%,-70.93%,4.02,0.74,27.10%,-1.24%,-3.10%,1.06,3/3/2025 8:30,1028.16,20.58,12.35,1.19%
116,HMY,Harmony Gold Mining Co Ltd ADR,-,Basic Materials,Gold,South Africa,10617.5,18.55,3.9,0.83,1.31%,,,1.24,0.05,15.28%,87.32%,107.86%,0.95,3/4/2025 8:30,7526.97,13.04,17.07,5.08%
117,PAM,Pampa Energia SA ADR,-,Utilities,Utilities - Independent Power Producers,Argentina,3758.12,5.97,60.48,30.7,,676.46%,7.60%,0.49,0.64,33.30%,-27.18%,-21.43%,1.21,3/5/2025 16:30,251.9,97.43,69.1,6.20%
118,CNQ,Canadian Natural Resources Ltd,-,Energy,Oil & Gas E&P,Canada,55776.26,12.74,13.05,0.04,6.16%,0.85%,3.67%,5.26,0.51,17.14%,-18.88%,-13.96%,1.11,3/6/2025 8:30,7804.57,37.13,26.56,1.49%
119,ADBE,Adobe Inc,"NDX, S&P 500",Technology,Software - Application,USA,147784.86,22.84,30.1,17.44,,2.15%,0.93%,2.72,0.5,30.63%,-14.58%,-22.02%,1.54,3/12/2025 16:30,4024.06,519.8,346.75,-0.94%
120,FUTU,Futu Holdings Ltd ADR,-,Financial,Capital Markets,Hong Kong,7130.65,15.3,26.53,113.95,,14.72%,15.83%,1.21,0.31,40.05%,1.15%,-4.64%,0.8,3/13/2025 8:30,3141.72,142.14,76.28,1.96%
121,DOCU,DocuSign Inc,-,Technology,Software - Application,USA,14755.43,14.25,9.89,4.76,,1.01%,1.98%,2.81,0.06,35.87%,-19.41%,-18.98%,1.22,3/13/2025 16:30,2522.92,94,72.87,-0.48%
122,TME,Tencent Music Entertainment Group ADR,-,Communication Services,Internet Content & Information,China,8239.08,19.94,5.91,5.33,0.88%,3.69%,2.97%,3.45,0.09,23.39%,9.64%,3.74%,0.5,3/18/2025 8:30,8539.36,16.46,11.77,-5.72%
123,ZTO,ZTO Express (Cayman) Inc ADR,-,Industrials,Integrated Freight & Logistics,China,10638.93,12.13,10.74,5.17,4.07%,-11.92%,10.92%,5.37,0.28,19.90%,0.20%,-8.10%,-0.08,3/18/2025 16:30,2834.89,25.73,17.97,1.73%
124,FDS,Factset Research Systems Inc,S&P 500,Financial,Financial Data & Stock Exchanges,USA,15926.76,29.82,54.14,7.56,1.02%,2.59%,0.05%,4.36,0.81,24.07%,-7.35%,-12.61%,0.88,3/20/2025 8:30,316.41,450.88,419.71,0.72%
125,PDD,PDD Holdings Inc ADR,NDX,Consumer Cyclical,Internet Retail,China,122781.16,8.38,28.58,39.46,,1.58%,-1.60%,2.44,0.03,28.54%,-6.62%,-8.85%,0.68,3/20/2025 8:30,10567.24,151.34,88.41,0.07%
126,MNSO,MINISO Group Holding Ltd ADR,-,Consumer Cyclical,Specialty Retail,China,4837.49,13.4,4.37,2.97,4.34%,9.93%,-2.40%,4.43,0.3,15.40%,-35.38%,-34.41%,0.28,3/21/2025 8:30,1253.59,23.47,15.67,1.82%
127,TLK,Telkom Indonesia (Persero) Tbk PT ADR,-,Communication Services,Telecom Services,Indonesia,14037.09,9.72,9.06,1.82,7.94%,3.09%,-1.88%,2.92,0.54,15.14%,-12.69%,-13.86%,0.56,3/21/2025,804.72,21.34,14.17,0.35%
128,EPAC,Enerpac Tool Group Corp,RUT,Industrials,Specialty Industrial Machinery,USA,2113.1,23.09,7.48,2.21,0.10%,-3.30%,1.48%,3.56,0.47,15.47%,-4.57%,-4.92%,1.22,3/24/2025 16:30,361.04,56,39.07,-0.66%
129,ATAT,Atour Lifestyle Holdings Ltd ADR,-,Consumer Cyclical,Lodging,China,2456.14,17.04,2.69,5.92,2.08%,3.22%,5.00%,4.18,0.59,17.60%,-13.97%,-19.19%,0.8,3/25/2025 8:30,1205,36.55,21.73,-5.81%
130,PAYX,Paychex Inc,"NDX, S&P 500",Technology,Software - Application,USA,52238.45,30.16,11.43,4.58,2.69%,0.68%,0.01%,6.23,0.21,31.99%,4.29%,3.43%,0.91,3/26/2025 8:30,2224.94,146.38,145.03,0.43%
131,SBS,Companhia de Saneamento Basico do Estado de Sao Paulo. ADR,-,Utilities,Utilities - Regulated Water,Brazil,12279.26,7.03,8.75,1.28,2.05%,37.31%,29.69%,3.17,0.68,26.19%,25.45%,25.37%,0.82,3/28/2025 16:30,969.65,21.07,17.97,1.73%
132,BLK,Blackrock Inc,S&P 500,Financial,Asset Management,USA,134224.8,20.61,306.52,82.32,2.45%,12.06%,-0.27%,1.51,0.3,30.51%,-9.40%,-15.54%,1.42,4/11/2025 8:30,971.18,1039.6,865.84,0.82%
133,JNJ,Johnson & Johnson,"DJIA, S&P 500",Healthcare,Drug Manufacturers - General,USA,360621.66,25.81,29.7,10.18,3.29%,2.43%,0.40%,1.89,0.53,15.84%,5.34%,3.47%,0.45,4/15/2025 8:30,10122.06,171.58,149.65,0.64%
134,ABT,Abbott Laboratories,S&P 500,Healthcare,Medical Devices,USA,219027.7,16.48,27.52,4.59,1.88%,0.32%,-0.52%,2.98,0.32,31.83%,12.45%,11.65%,0.75,4/16/2025 8:30,7316.58,137.9,126.29,1.44%
135,ASML,ASML Holding NV,NDX,Technology,Semiconductor Equipment & Materials,Netherlands,258384.96,31.61,48.65,33.55,1.17%,1.41%,1.17%,1.04,0.27,26.78%,-11.10%,-5.21%,1.71,4/16/2025 8:30,1858.12,916.84,657,1.15%
136,PLD,Prologis Inc,S&P 500,Real Estate,REIT - Industrial,USA,89245.13,23.83,58.18,1.39,4.32%,93.45%,-0.28%,2.85,0.62,45.43%,-9.34%,-11.15%,1.29,4/16/2025 8:30,4758.37,124.8,93.91,-1.03%
137,FR,"First Industrial Realty Trust, Inc",-,Real Estate,REIT - Industrial,USA,6058.95,20.53,20.14,0.38,3.91%,47.18%,3.09%,1.57,0.84,42.91%,-8.09%,-11.15%,1.14,4/16/2025 16:30,1321.07,57.94,44.54,-0.40%
138,REXR,Rexford Industrial Realty Inc,-,Real Estate,REIT - Industrial,USA,7126.85,25.97,36.26,0.25,5.56%,0.86%,-1.34%,3.81,0.42,28.18%,-15.89%,-19.13%,1.17,4/16/2025 16:30,2413.58,42.71,31.26,-2.12%
139,INFY,Infosys Ltd ADR,-,Technology,Information Technology Services,India,69608.64,21.03,2.49,0.87,3.52%,-0.26%,-0.16%,8.09,0.09,17.29%,-26.17%,-23.54%,0.97,4/17/2025 8:30,12206.48,21.93,16.76,-1.30%
140,SCHW,Charles Schwab Corp,S&P 500,Financial,Capital Markets,USA,140021.05,25.14,22.01,38.54,1.48%,10.45%,2.58%,1.46,0.95,21.07%,3.20%,1.47%,0.91,4/17/2025 8:30,12570.15,85.32,75.1,1.69%
141,SNA,"Snap-on, Inc",S&P 500,Industrials,Tools & Accessories,USA,17283.19,16.9,102.98,25.95,2.64%,0.30%,0.16%,5.22,0.24,20.43%,-0.85%,-2.87%,0.76,4/17/2025 8:30,421.81,349.83,329.72,2.28%
142,TSM,Taiwan Semiconductor Manufacturing ADR,-,Technology,Semiconductors,Taiwan,806537.09,22.11,25.42,14.25,1.69%,-0.06%,0.52%,1.69,0.24,40.52%,-25.36%,-21.25%,1.23,4/17/2025 8:30,18760.37,240.93,155.53,2.91%
143,DHR,Danaher Corp,S&P 500,Healthcare,Diagnostics & Research,USA,131771.64,34.83,68.9,2.9,0.65%,-0.81%,1.44%,1.28,0.35,16.33%,-21.65%,-19.76%,0.84,4/22/2025 8:30,4709.33,258.48,184.18,1.89%
144,PHM,PulteGroup Inc,S&P 500,Consumer Cyclical,Residential Construction,USA,18407.85,6.21,59.74,8.2,0.94%,36.01%,6.18%,2.4,0.19,17.18%,-15.14%,-16.15%,1.39,4/22/2025 8:30,2386.1,134,91.32,-2.52%
145,PNR,Pentair plc,S&P 500,Industrials,Specialty Industrial Machinery,United Kingdom,13273.46,21.49,21.62,0.72,1.21%,5.91%,0.08%,1.91,0.5,15.32%,-17.03%,-20.05%,1.12,4/22/2025 8:30,1677.31,108.94,80.46,-0.47%
146,SYF,Synchrony Financial,S&P 500,Financial,Credit Services,USA,17445.95,5.26,39.56,37.84,2.34%,-1.04%,-0.73%,2.56,0.93,16.51%,-29.63%,-30.96%,1.43,4/22/2025 8:30,4821.3,68.52,44.88,-3.76%
147,APH,Amphenol Corp,S&P 500,Technology,Electronic Components,USA,77996.43,33.56,8.1,2.75,1.04%,9.63%,6.00%,1.67,0.74,15.92%,-8.31%,-7.32%,1.11,4/23/2025 8:30,8889.24,81.8,64.36,0.37%
148,CHKP,Check Point Software Technologies Ltd,-,Technology,Software - Infrastructure,Israel,23410.85,28.98,25.74,12.66,,1.69%,0.69%,2.92,0.01,32.97%,18.70%,15.71%,0.67,4/23/2025 8:30,1027.19,242.43,216.03,1.05%
149,CME,CME Group Inc,S&P 500,Financial,Financial Data & Stock Exchanges,USA,94723.9,27.17,73.66,8.36,3.95%,3.03%,0.71%,2.32,0.14,56.79%,14.68%,13.18%,0.47,4/23/2025 8:30,2453.37,268.76,262.84,1.72%
150,CSL,Carlisle Companies Inc,-,Industrials,Building Products & Equipment,USA,14946.78,9.06,55.48,17.07,1.21%,1.13%,-2.80%,3.45,0.82,35.49%,-8.28%,-8.21%,1.06,4/23/2025 16:30,499.74,446.67,338.55,0.61%
151,DFS,Discover Financial Services,S&P 500,Financial,Credit Services,USA,38720.8,9.88,67.12,,1.86%,41.65%,8.50%,2.27,0.91,16.47%,-9.28%,-11.16%,1.16,4/23/2025 16:30,2218.5,196.38,153.9,-2.98%
152,EGP,"Eastgroup Properties, Inc",-,Real Estate,REIT - Industrial,USA,7877.31,32.51,63.52,0.34,3.79%,0.99%,-1.38%,3.42,0.48,35.43%,-2.71%,-5.65%,1.09,4/23/2025 16:30,510.81,193.89,151.42,-0.50%
153,EW,Edwards Lifesciences Corp,S&P 500,Healthcare,Medical Devices,USA,39805.01,27.74,16.99,6.79,,7.14%,1.98%,2,0.07,25.63%,-7.44%,-8.21%,1.12,4/23/2025 16:30,4770.9,79.44,67.96,-0.45%
154,GGG,Graco Inc,-,Industrials,Specialty Industrial Machinery,USA,13220.6,27.89,15.26,4.02,1.51%,-16.34%,-1.48%,2.32,0.02,23.00%,-2.36%,-6.71%,1.09,4/23/2025 16:30,898.9,90.86,78.63,0.91%
155,LRCX,Lam Research Corp,"NDX, S&P 500",Technology,Semiconductor Equipment & Materials,USA,84974.32,20.12,6.85,4.41,1.36%,3.60%,1.36%,1.73,0.57,26.49%,-11.32%,-8.35%,1.65,4/23/2025 16:30,13632.64,96.31,66.2,-0.35%
156,NEM,Newmont Corp,S&P 500,Basic Materials,Gold,USA,62374.98,18.94,26.56,3.23,1.81%,29.28%,9.77%,1.8,0.3,17.94%,41.52%,48.67%,0.3,4/23/2025 16:30,11484.15,56.14,55.33,8.62%
157,NEU,NewMarket Corp,-,Basic Materials,Specialty Chemicals,USA,5268.4,11.52,153.45,8.17,1.85%,,,2.18,0.73,16.54%,15.00%,5.12%,0.44,4/23/2025 16:30,49.26,651,555.38,1.27%
158,SEIC,SEI Investments Co,-,Financial,Asset Management,USA,8958.89,15.99,17.76,6.85,1.42%,-1.01%,0.47%,4.49,0.01,27.32%,-10.67%,-14.44%,0.92,4/23/2025 16:30,726.55,81,70.57,-0.66%
159,TXN,Texas Instruments Inc,"NDX, S&P 500",Technology,Semiconductors,USA,132277.76,27.97,18.55,8.33,3.80%,7.61%,3.16%,2.2,0.85,30.53%,-23.55%,-22.47%,0.98,4/23/2025 16:30,7555.22,204.96,145.37,-7.17%
160,DOV,Dover Corp,S&P 500,Industrials,Specialty Industrial Machinery,USA,21820.32,8.18,50.68,13.46,1.33%,5.94%,-1.12%,1.36,0.45,32.95%,-13.31%,-15.14%,1.28,4/24/2025 8:30,1062.75,213.06,159.2,-0.23%
161,FI,"Fiserv, Inc",S&P 500,Technology,Information Technology Services,USA,114269.64,38.01,47.99,2.21,,1.00%,-0.99%,2.76,0.95,15.31%,2.03%,-0.41%,0.96,4/24/2025 8:30,3268.8,255.19,204.57,0.09%
162,MRK,Merck & Co Inc,"DJIA, S&P 500",Healthcare,Drug Manufacturers - General,USA,195989.37,11.57,18.32,5.47,4.23%,6.88%,0.91%,2.22,0.83,26.76%,-21.53%,-21.71%,0.5,4/24/2025 8:30,17087.62,112.17,77.89,0.43%
163,NDAQ,Nasdaq Inc,S&P 500,Financial,Financial Data & Stock Exchanges,USA,40294.68,36.33,19.46,1.08,1.51%,1.70%,0.11%,1.93,0.89,15.10%,-7.67%,-9.38%,1.02,4/24/2025 8:30,3155.85,85.06,70.06,-0.34%
164,PG,Procter & Gamble Co,"DJIA, S&P 500",Consumer Defensive,Household & Personal Products,USA,388377.82,26.39,21.49,4.36,2.42%,1.17%,1.41%,2.07,0.68,18.01%,4.46%,-1.20%,0.41,4/24/2025 8:30,8252.1,179.57,165.63,1.27%
165,WST,"West Pharmaceutical Services, Inc",S&P 500,Healthcare,Medical Instruments & Supplies,USA,14769.4,30.54,37.1,6.7,0.33%,5.87%,1.12%,1.39,0.11,17.03%,-38.41%,-37.63%,1.14,4/24/2025 8:30,1028.33,277.67,204.3,0.27%
166,AEM,Agnico Eagle Mines Ltd,-,Basic Materials,Gold,Canada,58981.35,30.87,41.52,1.85,1.27%,7.58%,-1.97%,2.7,0.06,22.88%,38.40%,49.18%,0.51,4/24/2025 16:30,2821.44,119.65,116.67,4.59%
167,FHI,Federated Hermes Inc,-,Financial,Asset Management,USA,3009.36,11.6,13.39,7.92,3.46%,7.01%,1.17%,2.82,0.42,15.45%,-3.47%,-9.97%,0.79,4/24/2025 16:30,919.04,39.43,37.01,0.33%
168,MGRC,McGrath Rentcorp,RUT,Industrials,Rental & Leasing Services,USA,2502.02,10.81,45.76,0.03,1.90%,6.28%,-1.29%,2.41,0.54,25.44%,-8.54%,-8.86%,0.67,4/24/2025 16:30,153.89,145,101.91,-0.86%
169,GNTX,Gentex Corp,-,Consumer Cyclical,Auto Parts,USA,4690.41,11.82,10.86,1.13,2.32%,-19.72%,-9.81%,3.15,0,17.24%,-22.82%,-27.85%,0.86,4/25/2025 8:30,2371.48,28.28,20.73,-1.05%
170,ROP,Roper Technologies Inc,"NDX, S&P 500",Technology,Software - Application,USA,59427.51,38.58,175.84,1.75,0.54%,1.72%,2.18%,1.91,0.41,22.01%,10.08%,6.45%,1.07,4/28/2025 8:30,678.3,636.92,553.41,0.69%
171,CVLT,Commvault Systems Inc,RUT,Technology,Software - Application,USA,6603.6,39.41,6.54,5.54,,7.81%,6.93%,3.68,0.04,18.14%,-2.53%,-0.54%,0.73,4/29/2025 8:30,505.26,180.71,150.09,-0.86%
172,REGN,"Regeneron Pharmaceuticals, Inc","NDX, S&P 500",Healthcare,Biotechnology,USA,58846.75,14.06,267.82,82.44,0.53%,6.98%,1.25%,2.76,0.1,31.07%,-22.76%,-24.43%,0.48,4/29/2025 8:30,1010.83,913.81,538.28,-1.49%
173,SPGI,S&P Global Inc,S&P 500,Financial,Financial Data & Stock Exchanges,USA,143067.38,36.91,105.27,5.37,0.84%,8.70%,2.68%,1.8,0.36,27.12%,-5.56%,-8.47%,1.24,4/29/2025 8:30,1473.47,593.68,455.86,-0.42%
174,EXR,Extra Space Storage Inc,S&P 500,Real Estate,REIT - Industrial,USA,28749.91,32.18,65.79,0.62,5.13%,15.09%,-0.65%,2.6,0.94,26.20%,-11.61%,-13.27%,1.18,4/29/2025 16:30,1379.86,161.67,129.75,-1.59%
175,STAG,STAG Industrial Inc,-,Real Estate,REIT - Industrial,USA,5833.34,29.57,18.54,0.2,4.93%,41.20%,2.92%,3.14,0.9,24.63%,-5.41%,-9.41%,0.97,4/29/2025 16:30,1586.91,38.83,30.64,-0.85%
176,ADP,Automatic Data Processing Inc,"NDX, S&P 500",Technology,Software - Application,USA,120210.02,30.82,12.48,5.45,1.92%,2.52%,1.57%,2.97,0.86,19.76%,3.00%,0.93%,0.77,4/30/2025 8:30,1954.83,311.92,295.45,1.11%
177,GRMN,Garmin Ltd,S&P 500,Technology,Scientific & Technical Instruments,Switzerland,35876.57,25.52,40.78,13,1.85%,17.79%,7.29%,2.76,0.02,22.41%,-10.85%,-9.60%,1.02,4/30/2025 8:30,1082.32,195.5,186.46,-0.20%
178,AVB,Avalonbay Communities Inc,S&P 500,Real Estate,REIT - Residential,USA,26990.96,24.98,83.94,1.88,3.70%,52.31%,-9.64%,3.73,0.69,36.47%,-10.05%,-13.81%,0.9,4/30/2025 16:30,757.75,235.6,189.59,-2.07%
179,BNL,Broadstone Net Lease Inc,RUT,Real Estate,REIT - Diversified,USA,2806.46,17.42,15.92,0.08,7.85%,-27.08%,2.90%,3.68,0.66,36.74%,-2.34%,-6.40%,1.08,4/30/2025 16:30,1380.66,18.78,14.85,-0.37%
180,MAA,"Mid-America Apartment Communities, Inc",S&P 500,Real Estate,REIT - Residential,USA,18162.63,33.76,51.03,0.47,4.00%,44.08%,-0.32%,4.44,0.84,23.91%,2.16%,-2.06%,0.81,4/30/2025 16:30,882.79,167.62,151.38,-2.25%
181,META,Meta Platforms Inc,"NDX, S&P 500",Communication Services,Internet Content & Information,USA,1361284.55,22.46,72.07,30.85,0.32%,18.71%,2.94%,1.49,0.27,37.91%,-12.76%,-8.24%,1.22,4/30/2025 16:30,18249.24,739.73,537.28,-1.65%
182,MORN,Morningstar Inc,-,Financial,Financial Data & Stock Exchanges,USA,11433.68,31.16,37.76,12.88,0.73%,3.76%,1.75%,1.41,0.56,16.26%,-15.39%,-20.62%,1.01,4/30/2025 16:30,174.05,346.67,267.31,-1.25%
183,QCOM,"Qualcomm, Inc","NDX, S&P 500",Technology,Semiconductors,USA,150548.83,14.55,24.3,12.93,2.64%,15.27%,6.95%,1.91,0.54,25.94%,-13.29%,-11.39%,1.31,4/30/2025 16:30,8702.55,197.37,136.12,1.28%
184,TS,Tenaris S.A. ADR,-,Energy,Oil & Gas Equipment & Services,Luxembourg,17313.36,8.71,30.61,5.53,5.26%,37.05%,4.73%,2.81,0.04,16.26%,-18.24%,-16.86%,1.28,4/30/2025 16:30,1693.54,43.11,31.42,1.42%
185,VICI,VICI Properties Inc,S&P 500,Real Estate,REIT - Diversified,USA,32181.87,11.91,25.12,0.5,5.79%,-14.15%,0.57%,4.1,0.67,69.59%,7.96%,4.26%,0.79,4/30/2025 16:30,7449.35,36.19,30.45,1.25%
