No.,Symbol,Company,Index,Sector,Industry,Country,Market Cap,P/E,Book/sh,Cash/sh,Dividend Yield%,Short Ratio,Total Debt/Equity,Profit Margin%,Performance (Quarter)%,Performance (YTD)%,Beta,Earnings Date,Average Volume,Target Price,Price,Change
1,A,Agilent Technologies Inc,S&P 500,Healthcare,Diagnostics & Research,USA,32515.97,26.21,21.13,5.15,0.009,2.07,0.56,0.193,-0.159,-0.151,1.19,2/26/2025 16:30,1886.43,151.27,114.05,-2.50%
2,AAPL,Apple Inc,"DJIA, NDX, S&P 500",Technology,Consumer Electronics,USA,3352776.56,35.48,4.44,3.58,0.005,2.45,1.45,0.243,-0.127,-0.109,1.26,1/30/2025 16:30,52965.24,253.71,223.19,0.48%
3,ABBV,Abbvie Inc,S&P 500,Healthcare,Drug Manufacturers - General,USA,364887.15,86.25,1.88,3.14,0.032,3.07,20.4,0.075,0.159,0.161,0.54,1/31/2025 8:30,6409.51,217.22,206.27,-1.55%
4,ABNB,Airbnb Inc,"NDX, S&P 500",Consumer Cyclical,Travel Services,USA,76408.79,29.31,13.5,16.87,,2.87,0.27,0.239,-0.092,-0.078,1.15,2/13/2025 16:30,5236.66,156.94,121.18,1.44%
5,ABT,Abbott Laboratories,S&P 500,Healthcare,Medical Devices,USA,228393.04,17.19,27.52,4.59,0.018,3.16,0.32,0.318,0.145,0.164,0.8,4/16/2025 8:30,6925.25,138.14,131.69,-0.72%
6,ACGL,Arch Capital Group Ltd,S&P 500,Financial,Insurance - Diversified,Bermuda,36121.34,8.59,53.11,,0.025,2.4,0.14,0.253,0.041,0.041,0.36,2/10/2025 16:30,1862,111.94,96.14,-0.04%
7,ACN,Accenture plc,S&P 500,Technology,Information Technology Services,Ireland,196309.17,25.88,46.69,13.57,0.018,2.11,0.28,0.114,-0.120,-0.109,1.32,3/20/2025 8:30,3296.51,363.9,313.58,0.49%
8,ADBE,Adobe Inc,"NDX, S&P 500",Technology,Software - Application,USA,163319.85,25.24,30.1,17.44,,2.14,0.5,0.306,-0.142,-0.138,1.49,3/12/2025 16:30,3829.11,527.77,383.2,-0.09%
9,ADI,Analog Devices Inc,"NDX, S&P 500",Technology,Semiconductors,USA,98788.59,63.52,70.71,5.49,0.020,2.26,0.22,0.168,-0.082,-0.063,1.06,2/19/2025 8:30,3761.52,260.96,199.18,-1.23%
10,ADM,Archer Daniels Midland Co,S&P 500,Consumer Defensive,Farm Products,USA,23148.3,13.34,46.38,8.68,0.044,2.54,0.52,0.021,-0.047,-0.046,0.65,2/4/2025 8:30,4650.89,49.1,48.21,0.42%
11,ADP,Automatic Data Processing Inc,"NDX, S&P 500",Technology,Software - Application,USA,124722.21,31.98,12.48,5.45,0.019,3.12,0.86,0.198,0.035,0.047,0.75,1/29/2025 8:30,1809.54,312.85,306.54,0.33%
12,ADSK,Autodesk Inc,"NDX, S&P 500",Technology,Software - Application,USA,56361.93,51.64,12.25,8.85,,1.93,0.98,0.182,-0.111,-0.105,1.5,2/27/2025 16:30,1660.34,335.08,264.61,1.07%
13,AEE,Ameren Corp,S&P 500,Utilities,Utilities - Regulated Electric,USA,27196.77,22.77,44.88,0.08,0.028,3.1,1.55,0.155,0.117,0.129,0.47,2/13/2025 16:30,1798.66,103,100.67,0.27%
14,AEP,American Electric Power Company Inc,"NDX, S&P 500",Utilities,Utilities - Regulated Electric,USA,57868.24,19.39,50.56,0.86,0.035,2.66,1.7,0.149,0.171,0.175,0.42,2/13/2025 8:30,3996.47,105.87,108.37,-0.82%
15,AES,AES Corp,S&P 500,Utilities,Utilities - Diversified,USA,8806.21,5.21,5.12,2.87,0.057,1.98,6.42,0.138,-0.030,-0.039,0.8,2/28/2025 8:30,15414.26,14.6,12.37,-0.40%
16,AFL,Aflac Inc,S&P 500,Financial,Insurance - Life,USA,61376.85,11.7,47.45,,0.020,4.95,0.29,0.288,0.088,0.087,0.8,2/5/2025 16:30,1937.45,102.92,112.45,1.13%
17,AIG,American International Group Inc,S&P 500,Financial,Insurance - Diversified,USA,51507.23,17.2,70.15,,0.020,3.24,0.23,0.100,0.189,0.192,0.65,2/11/2025 16:30,5000.37,88.06,86.81,-0.15%
18,AIZ,Assurant Inc,S&P 500,Financial,Insurance - Property & Casualty,USA,10745.54,14.62,100.46,,0.015,2.04,0.42,0.064,-0.016,-0.008,0.52,2/11/2025 16:30,444.16,232.6,211.56,0.86%
19,AJG,Arthur J. Gallagher & Co,S&P 500,Financial,Insurance Brokers,USA,87936.96,52.69,80.61,58.63,0.008,1.91,0.67,0.128,0.200,0.211,0.65,3/20/2025 8:30,1690.94,335.29,343.86,-0.40%
20,AKAM,Akamai Technologies Inc,S&P 500,Technology,Software - Infrastructure,USA,12121.23,24.7,32.52,10.62,,2.97,0.95,0.127,-0.169,-0.157,0.8,2/20/2025 16:30,2644.72,102.47,80.6,0.12%
21,ALB,Albemarle Corp,S&P 500,Basic Materials,Specialty Chemicals,USA,8444.13,,65.72,10.14,0.022,5.01,0.37,-0.245,-0.187,-0.166,1.59,2/12/2025 16:30,2547.38,95.25,71.82,-0.28%
22,ALGN,"Align Technology, Inc",S&P 500,Healthcare,Medical Instruments & Supplies,USA,11573.09,28.11,52.16,14.26,,3.74,0.03,0.105,-0.252,-0.242,1.73,2/5/2025 16:30,1017.96,254.93,158.08,-0.49%
23,ALL,Allstate Corp,S&P 500,Financial,Insurance - Property & Casualty,USA,54992.91,12.21,73.36,,0.019,2.04,0.39,0.071,0.071,0.076,0.36,2/5/2025 16:30,1939.62,230.19,207.5,0.21%
24,ALLE,Allegion plc,S&P 500,Industrials,Security & Protection Services,Ireland,11304.04,19.21,17.4,5.84,0.015,2.42,1.43,0.158,-0.007,0.002,1.02,2/18/2025 8:30,973.74,137.78,131,0.41%
25,AMAT,Applied Materials Inc,"NDX, S&P 500",Technology,Semiconductor Equipment & Materials,USA,118340.13,19.06,22.92,10.11,0.011,2.96,0.35,0.230,-0.127,-0.104,1.6,2/13/2025 16:30,6865.71,207.3,145.66,0.37%
26,AMCR,Amcor Plc,S&P 500,Consumer Cyclical,Packaging & Containers,United Kingdom,14178.82,17.81,2.62,0.31,0.052,6.56,1.96,0.059,0.039,0.043,0.78,2/4/2025 8:30,22570.97,11.03,9.81,1.13%
27,AMD,Advanced Micro Devices Inc,"NDX, S&P 500",Technology,Semiconductors,USA,166552.73,102.45,35.49,3.17,,1.46,0.04,0.064,-0.179,-0.149,1.89,2/4/2025 16:30,38322.15,146.61,102.78,0.04%
28,AME,Ametek Inc,S&P 500,Industrials,Specialty Industrial Machinery,USA,39663.08,29,41.85,1.62,0.007,2.23,0.24,0.198,-0.058,-0.046,1.14,2/4/2025 8:30,1327.87,204.64,171.89,-0.15%
29,AMGN,AMGEN Inc,"DJIA, NDX, S&P 500",Healthcare,Drug Manufacturers - General,USA,164878.95,40.67,10.95,22.29,0.032,4.8,10.36,0.123,0.169,0.178,0.58,2/4/2025 16:30,3138.9,314.96,306.92,-1.49%
30,AMP,Ameriprise Financial Inc,S&P 500,Financial,Asset Management,USA,46822.36,14.78,54.36,88.94,0.013,2.12,1.11,0.189,-0.088,-0.082,1.22,1/29/2025 16:30,547.27,575.38,488.68,0.94%
31,AMT,American Tower Corp,S&P 500,Real Estate,REIT - Specialty,USA,102578.82,45.57,7.24,4.51,0.031,2.78,13,0.209,0.207,0.196,0.88,2/25/2025 8:30,2543.06,235.15,219.44,0.85%
32,AMZN,Amazon.com Inc,"DJIA, NDX, S&P 500",Consumer Cyclical,Internet Retail,USA,2036565.47,34.8,27,9.88,,1.96,0.52,0.093,-0.141,-0.124,1.39,2/6/2025 16:30,40053.41,267.08,192.17,1.00%
33,ANET,Arista Networks Inc,S&P 500,Technology,Computer Hardware,USA,98985.52,35.26,7.92,6.58,,1.84,0.01,0.407,-0.306,-0.290,1.3,2/18/2025 16:30,10800.25,121.09,78.49,1.30%
34,ANSS,Ansys Inc,"NDX, S&P 500",Technology,Software - Application,USA,28117.82,49.02,69.53,17.08,,3.34,0.14,0.226,-0.056,-0.049,1.2,2/19/2025 16:30,511.5,353.29,320.79,1.34%
35,AON,Aon plc,S&P 500,Financial,Insurance Brokers,Ireland,86143.4,31.5,28.34,6.04,0.007,4.67,2.92,0.169,0.107,0.110,0.82,1/31/2025 8:30,1169.69,409.06,398.81,-0.07%
36,AOS,A.O. Smith Corp,S&P 500,Industrials,Specialty Industrial Machinery,USA,9415.51,18.1,13.05,1.92,0.021,3.63,0.12,0.140,-0.041,-0.038,1.26,1/30/2025 8:30,1418.88,75.5,65.6,0.37%
37,APA,APA Corporation,S&P 500,Energy,Oil & Gas E&P,USA,7692.68,9.4,14.45,1.72,0.048,4.53,1.22,0.083,-0.044,-0.085,2.74,2/26/2025 16:30,7717.66,27.9,21.13,0.52%
38,APD,Air Products & Chemicals Inc,S&P 500,Basic Materials,Specialty Chemicals,USA,65285.49,17.04,75.03,8.82,0.025,2.79,0.91,0.320,0.002,0.012,0.9,2/6/2025 8:30,1517.43,353.3,293.45,-0.50%
39,APH,Amphenol Corp,S&P 500,Technology,Electronic Components,USA,80062.52,34.45,8.1,2.75,0.010,1.59,0.74,0.159,-0.066,-0.049,1.18,4/23/2025 8:30,8193.52,86.47,66.07,0.73%
40,APO,Apollo Global Management Inc,S&P 500,Financial,Asset Management,USA,78937.37,19.13,28.03,32.08,0.015,9.95,0.61,0.165,-0.187,-0.162,1.65,2/4/2025 8:30,3638.54,182.53,138.37,1.04%
41,APTV,Aptiv PLC,S&P 500,Consumer Cyclical,Auto Parts,Switzerland,13571.75,8.6,37.42,6.86,,2.41,1.01,0.091,-0.020,-0.022,1.64,2/6/2025 8:30,3604.46,81.78,59.15,-0.59%
42,ARE,Alexandria Real Estate Equities Inc,S&P 500,Real Estate,REIT - Office,USA,15777.32,50.63,103.88,3.23,0.059,2.64,0.83,0.099,-0.073,-0.066,1.26,4/28/2025 16:30,1290.45,116.54,91.15,-1.47%
43,ATO,Atmos Energy Corp,S&P 500,Utilities,Utilities - Regulated Gas,USA,24593.35,22.16,80.52,3.71,0.023,5.26,0.67,0.259,0.112,0.113,0.68,2/4/2025 16:30,910.78,155,154.94,0.23%
44,AVB,Avalonbay Communities Inc,S&P 500,Real Estate,REIT - Residential,USA,30515.07,28.26,83.94,1.88,0.033,5.13,0.69,0.365,-0.029,-0.025,0.87,2/5/2025 16:30,668.15,237.16,214.51,-0.05%
45,AVGO,Broadcom Inc,"NDX, S&P 500",Technology,Semiconductors,USA,792372.42,81.28,14.84,1.98,0.014,1.77,0.95,0.185,-0.303,-0.273,1.07,3/6/2025 16:30,30763.88,252.24,168.52,0.65%
46,AVY,Avery Dennison Corp,S&P 500,Consumer Cyclical,Packaging & Containers,USA,14179.14,20.58,28.98,4.65,0.020,2.05,1.46,0.081,-0.048,-0.041,0.86,1/30/2025 8:30,710.9,214.18,179.56,0.89%
47,AWK,American Water Works Co. Inc,S&P 500,Utilities,Utilities - Regulated Water,USA,28657.26,27.27,53.01,1.01,0.022,3.51,1.37,0.224,0.173,0.181,0.67,2/19/2025 16:30,1471.67,139.78,147,-0.35%
48,AXON,Axon Enterprise Inc,"NDX, S&P 500",Industrials,Aerospace & Defense,USA,41468.51,113.25,30.38,13.03,,2.33,0.31,0.181,-0.114,-0.089,1.13,2/25/2025 16:30,818.87,679.69,541.2,2.90%
49,AXP,American Express Co,"DJIA, S&P 500",Financial,Credit Services,USA,189636.1,19.31,43.11,57.97,0.012,2.93,1.69,0.135,-0.102,-0.089,1.16,4/17/2025 8:30,2840.67,317.08,270.48,0.53%
50,AZO,Autozone Inc,S&P 500,Consumer Cyclical,Specialty Retail,USA,63790.89,25.58,-266.18,19.71,,2.36,,0.140,0.176,0.191,0.54,3/4/2025 8:30,126.48,3864.64,3813.27,0.01%
51,BA,Boeing Co,"DJIA, S&P 500",Industrials,Aerospace & Defense,USA,126532.37,,-5.22,34.93,0.001,2.22,,-0.179,-0.069,-0.050,1.24,1/28/2025 8:30,8083.92,197.56,168.17,-1.40%
52,BAC,Bank Of America Corp,S&P 500,Financial,Banks - Diversified,USA,315518.09,12.91,35.79,,0.026,2.26,2.26,0.128,-0.064,-0.056,1.25,4/15/2025 8:30,38770.15,52.07,41.49,-0.58%
53,BALL,Ball Corp,S&P 500,Consumer Cyclical,Packaging & Containers,USA,14796.66,,20.26,3.16,0.016,2.7,1.03,-0.053,-0.061,-0.050,1.02,2/4/2025 8:30,2652.85,62.71,52.4,0.63%
54,BAX,Baxter International Inc,S&P 500,Healthcare,Medical Instruments & Supplies,USA,17449.68,,13.63,3.44,0.029,3.84,1.93,-0.051,0.165,0.167,0.65,2/20/2025 8:30,4778.99,37.85,34.02,-0.61%
55,BBY,Best Buy Co. Inc,S&P 500,Consumer Cyclical,Specialty Retail,USA,15719.56,17.39,13.28,9.74,0.052,4.57,1.44,0.022,-0.155,-0.133,1.44,3/4/2025 8:30,3077.34,88.95,74.37,1.03%
56,BDX,Becton Dickinson & Co,S&P 500,Healthcare,Medical Instruments & Supplies,USA,64904.09,37.55,87.78,2.89,0.017,1.42,0.74,0.085,-0.011,-0.004,0.36,2/6/2025 8:30,2027.73,271.25,226.04,-1.32%
57,BEN,"Franklin Resources, Inc",S&P 500,Financial,Asset Management,USA,10145.43,29.61,23.78,6.94,0.066,7.26,1.03,0.039,-0.065,-0.048,1.39,1/31/2025 8:30,4182.28,20.48,19.31,0.31%
58,BF.B,Brown-Forman Corp,S&P 500,Consumer Defensive,Beverages - Wineries & Distilleries,USA,15755.96,16.02,8.09,1.32,0.027,7.88,0.75,0.246,-0.137,-0.118,0.7,3/5/2025 8:30,3425.91,40.09,33.5,-1.30%
59,BG,Bunge Global SA,S&P 500,Consumer Defensive,Farm Products,USA,10429.41,9.63,74,28.45,0.036,2.68,0.72,0.021,-0.003,0.001,0.57,2/5/2025 8:30,1735.49,86.55,77.85,1.87%
60,BIIB,Biogen Inc,"NDX, S&P 500",Healthcare,Drug Manufacturers - General,USA,19325.89,11.81,114.65,16.23,,2.1,0.4,0.176,-0.127,-0.137,0.06,2/12/2025 8:30,1573.46,194.25,132.03,-3.52%
61,BK,Bank Of New York Mellon Corp,S&P 500,Financial,Banks - Diversified,USA,60144.68,14.43,51.52,,0.023,2.36,1.62,0.109,0.080,0.090,1.02,4/11/2025 8:30,4319.72,94.93,83.77,-0.12%
62,BKNG,Booking Holdings Inc,"NDX, S&P 500",Consumer Cyclical,Travel Services,USA,153763.83,27.08,-122.01,492.58,0.008,2.54,,0.248,-0.070,-0.057,1.37,2/20/2025 16:30,283.75,5707.34,4685.75,1.71%
63,BKR,Baker Hughes Co,"NDX, S&P 500",Energy,Oil & Gas Equipment & Services,USA,44357.01,15.04,17.07,4.69,0.020,2.87,0.4,0.107,0.098,0.092,1.07,4/22/2025 16:30,7668.57,52.32,44.8,1.93%
64,BLDR,Builders Firstsource Inc,S&P 500,Industrials,Building Products & Equipment,USA,14271.98,13.89,37.83,1.35,,2.92,1.01,0.066,-0.134,-0.121,1.99,2/20/2025 8:30,1687.43,176.37,125.61,0.54%
65,BLK,Blackrock Inc,S&P 500,Financial,Asset Management,USA,146571.67,22.47,306.52,82.2,0.023,2.09,0.3,0.305,-0.096,-0.079,1.39,4/11/2025 8:30,905.99,1171.4,944.08,-0.25%
66,BMY,Bristol-Myers Squibb Co,S&P 500,Healthcare,Drug Manufacturers - General,USA,121170.16,,8.05,5.34,0.042,3.17,3.13,-0.185,0.032,0.053,0.41,4/24/2025 8:30,11682.85,60.68,59.55,-2.36%
67,BR,"Broadridge Financial Solutions, Inc",S&P 500,Technology,Information Technology Services,USA,28636.81,38.29,19.05,2.48,0.014,1.82,1.74,0.114,0.081,0.082,1.07,1/31/2025 8:30,523.66,244.33,244.72,0.93%
68,BRK.B,Berkshire Hathaway Inc,S&P 500,Financial,Insurance - Diversified,USA,1149604.39,12.91,301,154.95,,3.53,0.22,0.240,0.168,0.176,0.8,2/24/2025 8:30,4462.04,518.64,532.99,0.08%
69,BRO,"Brown & Brown, Inc",S&P 500,Financial,Insurance Brokers,USA,35573.35,35.86,22.45,8.76,0.005,3.34,0.63,0.204,0.206,0.217,0.75,1/27/2025 16:30,1697.89,116.25,124.11,-0.23%
70,BSX,Boston Scientific Corp,S&P 500,Healthcare,Medical Devices,USA,149741.07,81.15,14.76,0.35,,1.77,0.52,0.111,0.117,0.134,0.73,2/5/2025 8:30,7114.43,119.56,101.24,0.36%
71,BX,Blackstone Inc,S&P 500,Financial,Asset Management,USA,174024.81,39.4,6.72,1.79,0.034,2.39,1.5,0.223,-0.177,-0.169,1.6,1/30/2025 8:30,3920.88,182.61,142.8,2.16%
72,BXP,BXP Inc,S&P 500,Real Estate,REIT - Office,USA,11647.05,757.47,34.28,7.68,0.059,7.11,3.13,0.004,-0.103,-0.100,1.08,1/28/2025 16:30,1361.75,79,66.96,-0.34%
73,C,Citigroup Inc,S&P 500,Financial,Banks - Diversified,USA,132767.57,11.87,101.62,,0.033,2.38,2.85,0.067,-0.007,0.002,1.28,4/15/2025 8:30,15940.25,90.78,70.54,-0.63%
74,CAG,Conagra Brands Inc,S&P 500,Consumer Defensive,Packaged Foods,USA,12696.73,25.99,18.44,0.08,0.053,3.29,0.96,0.041,-0.038,-0.041,0.27,4/3/2025 8:30,6002.21,27.06,26.6,-0.26%
75,CAH,"Cardinal Health, Inc",S&P 500,Healthcare,Medical Distribution,USA,33126.22,25.6,-12.36,15.77,0.015,2.75,,0.006,0.151,0.160,0.62,1/30/2025 8:30,2417.06,145.21,137.13,-0.46%
76,CARR,Carrier Global Corp,S&P 500,Industrials,Building Products & Equipment,USA,54897.77,15.19,16.03,4.6,0.014,2.46,0.91,0.164,-0.078,-0.069,1.21,2/11/2025 8:30,5695.48,79.98,63.54,0.22%
77,CAT,Caterpillar Inc,"DJIA, S&P 500",Industrials,Farm & Heavy Construction Machinery,USA,157990,14.98,40.78,14.41,0.018,3.85,2,0.167,-0.094,-0.089,1.2,1/30/2025 8:30,2521.55,389.02,330.57,0.23%
78,CB,Chubb Limited,S&P 500,Financial,Insurance - Property & Casualty,Switzerland,120684.2,13.27,159.77,,0.013,1.79,0.3,0.166,0.085,0.091,0.48,1/28/2025 16:30,1810.17,305.05,301.4,-0.20%
79,CBOE,Cboe Global Markets Inc,S&P 500,Financial,Financial Data & Stock Exchanges,USA,23562.07,31.18,40.88,9.46,0.012,3.13,0.37,0.186,0.141,0.152,0.47,2/7/2025 8:30,805.71,211.19,225.04,-0.55%
80,CBRE,CBRE Group Inc,S&P 500,Real Estate,Real Estate Services,USA,39307.91,41.66,27.85,4.07,,2.72,0.7,0.027,0.003,-0.002,1.27,4/24/2025 8:30,1905.61,157.9,131.01,0.18%
81,CCI,Crown Castle Inc,S&P 500,Real Estate,REIT - Specialty,USA,45550.46,,-0.31,0.67,0.048,2.51,,-0.594,0.155,0.153,0.95,3/13/2025 16:30,3380.01,110.31,104.61,0.36%
82,CCL,Carnival Corp,S&P 500,Consumer Cyclical,Travel Services,USA,25110.46,12.91,7,0.66,,2.48,3.09,0.081,-0.227,-0.222,2.42,3/21/2025 8:30,23470.44,28.39,19.39,-0.72%
83,CDNS,"Cadence Design Systems, Inc","NDX, S&P 500",Technology,Software - Application,USA,70989.62,67.15,17.07,10.15,,2.39,0.56,0.227,-0.152,-0.139,1.14,2/18/2025 16:30,2115.4,325.05,258.79,1.75%
84,CDW,CDW Corp,"NDX, S&P 500",Technology,Information Technology Services,USA,21474.35,20.33,17.74,5.42,0.015,2.21,2.71,0.051,-0.078,-0.069,0.97,2/5/2025 8:30,1363.69,227.7,162.08,1.14%
85,CEG,Constellation Energy Corporation,"NDX, S&P 500",Utilities,Utilities - Renewable,USA,64836.3,17.41,42.06,9.99,0.008,1.64,0.68,0.159,-0.087,-0.075,1.02,2/18/2025 8:30,4830.7,329.26,206.94,2.63%
86,CF,CF Industries Holdings Inc,S&P 500,Basic Materials,Agricultural Inputs,USA,13249.12,11.77,29.34,9.7,0.025,2.96,0.65,0.205,-0.061,-0.067,0.83,2/19/2025 16:30,2689.58,89.35,79.59,1.84%
87,CFG,Citizens Financial Group Inc,S&P 500,Financial,Banks - Regional,USA,17743.27,13.41,50.26,,0.043,2.8,0.55,0.110,-0.070,-0.072,1.1,4/16/2025 8:30,4340.8,51.89,40.59,-0.93%
88,CHD,"Church & Dwight Co., Inc",S&P 500,Consumer Defensive,Household & Personal Products,USA,26941.65,46.22,17.74,3.92,0.011,3.25,0.55,0.096,0.033,0.046,0.55,1/31/2025 8:30,1604.96,110.05,109.47,-0.56%
89,CHRW,"C.H. Robinson Worldwide, Inc",S&P 500,Industrials,Integrated Freight & Logistics,USA,12149.01,26.67,14.51,1.23,0.025,4.01,1.01,0.026,-0.011,-0.005,0.87,1/29/2025 16:30,1331.2,116.25,102.76,0.35%
90,CHTR,Charter Communications Inc,"NDX, S&P 500",Communication Services,Telecom Services,USA,58769.91,10.54,109.81,3.19,,10.01,6.17,0.092,0.064,0.082,1.13,4/25/2025 8:30,1218.51,412.7,370.91,0.65%
91,CI,Cigna Group,S&P 500,Healthcare,Healthcare Plans,USA,89736.78,27.05,149.87,,0.023,2.07,0.78,0.014,0.188,0.199,0.52,1/30/2025 8:30,1792.15,362.95,331,0.61%
92,CINF,Cincinnati Financial Corp,S&P 500,Financial,Insurance - Property & Casualty,USA,23085.47,10.15,89.1,,0.023,2.95,0.06,0.202,0.024,0.026,0.55,2/10/2025 16:30,828.93,157,147.45,-0.18%
93,CL,Colgate-Palmolive Co,S&P 500,Consumer Defensive,Household & Personal Products,USA,76160.82,26.74,0.26,1.55,0.022,2.05,40.15,0.144,0.023,0.033,0.4,4/25/2025 8:30,5206.31,98.14,93.9,0.21%
94,CLX,Clorox Co,S&P 500,Consumer Defensive,Household & Personal Products,USA,18221.02,40.42,-0.33,2.35,0.033,2.42,,0.064,-0.093,-0.089,0.6,2/3/2025 16:30,1465.78,162.89,147.91,0.45%
95,CMCSA,Comcast Corp,"NDX, S&P 500",Communication Services,Telecom Services,USA,138839.16,8.85,22.59,1.94,0.036,2.17,1.23,0.131,-0.032,-0.022,0.94,4/24/2025 8:30,27489.2,42.82,36.72,-0.49%
96,CME,CME Group Inc,S&P 500,Financial,Financial Data & Stock Exchanges,USA,94506.76,27.11,73.66,8.36,0.039,2.53,0.14,0.568,0.123,0.129,0.44,4/23/2025 8:30,2177.95,259.24,262.24,-1.15%
97,CMG,Chipotle Mexican Grill,S&P 500,Consumer Cyclical,Restaurants,USA,70030.26,46.38,2.69,1.05,,1.69,1.24,0.136,-0.150,-0.143,1.27,4/23/2025 16:30,12287.36,66.1,51.67,2.91%
98,CMI,Cummins Inc,S&P 500,Industrials,Specialty Industrial Machinery,USA,43356.05,11.2,74.75,16.47,0.024,1.81,0.74,0.116,-0.102,-0.095,1.07,2/4/2025 8:30,897.36,391.87,315.36,0.61%
99,CMS,CMS Energy Corporation,S&P 500,Utilities,Utilities - Regulated Electric,USA,22475.47,22.57,26.79,0.6,0.029,3.33,2.02,0.132,0.121,0.127,0.34,2/6/2025 8:30,2344.44,75.64,75.14,0.04%
100,CNC,Centene Corp,S&P 500,Healthcare,Healthcare Plans,USA,29986.84,9.68,53.26,,0.028,2.19,0.74,0.020,-0.003,-0.002,0.53,4/25/2025 8:30,4533.12,77.28,60.45,-0.43%
101,CNP,Centerpoint Energy Inc,S&P 500,Utilities,Utilities - Regulated Electric,USA,23983.63,23.22,16.37,0.91,0.024,5.66,2.03,0.118,0.143,0.160,0.64,2/20/2025 8:30,4566.96,35.54,36.8,1.57%
102,COF,Capital One Financial Corp,S&P 500,Financial,Credit Services,USA,68250.97,15.38,159.44,,0.014,5.92,0.67,0.083,-0.011,-0.001,1.24,4/22/2025 16:30,4005.9,214.68,178.22,-0.60%
103,COO,"Cooper Companies, Inc",S&P 500,Healthcare,Medical Instruments & Supplies,USA,16252.47,39.3,40.66,0.51,0.000,2.13,0.31,0.106,-0.120,-0.116,1.01,3/6/2025 16:30,1850.74,109.64,81.27,-3.65%
104,COP,Conoco Phillips,S&P 500,Energy,Oil & Gas E&P,USA,133960.52,13.5,50.79,4.81,0.030,1.9,0.39,0.169,0.087,0.063,0.83,2/6/2025 8:30,8403.86,130.11,105.39,0.35%
105,COR,Cencora Inc,S&P 500,Healthcare,Medical Distribution,USA,53794.54,39.47,1.17,17.16,0.007,5.02,35.96,0.005,0.222,0.235,0.54,2/5/2025 8:30,1595.33,285.57,277.41,-0.24%
106,COST,Costco Wholesale Corp,"NDX, S&P 500",Consumer Defensive,Discount Stores,USA,423451.4,55.72,57.64,29.66,0.005,3.15,0.32,0.029,0.016,0.042,0.95,3/6/2025 16:30,2177.68,1072.43,954.4,0.91%
107,CPAY,Corpay Inc,S&P 500,Technology,Software - Infrastructure,USA,24727.27,25.17,44.5,63.44,,3.61,2.59,0.253,0.032,0.040,1.11,2/5/2025 16:30,472.74,415.71,351.99,0.94%
108,CPB,Campbells Co,S&P 500,Consumer Defensive,Packaged Foods,USA,11897.46,22.98,13.12,2.78,0.038,4.97,2.06,0.052,-0.046,-0.047,0.18,3/5/2025 8:30,3400.5,41.28,39.9,-0.05%
109,CPRT,"Copart, Inc","NDX, S&P 500",Industrials,Specialty Business Services,USA,55270.18,38.43,8.59,3.93,,3.33,0.01,0.323,-0.021,-0.003,1.22,2/20/2025 16:30,4287.1,63.5,57.21,1.10%
110,CPT,Camden Property Trust,S&P 500,Real Estate,REIT - Residential,USA,13015.94,81.24,43.82,0.3,0.035,1.68,0.75,0.105,0.058,0.051,0.8,2/6/2025 16:30,943.5,129.68,121.92,-0.31%
111,CRL,Charles River Laboratories International Inc,S&P 500,Healthcare,Diagnostics & Research,USA,7466.16,569.16,67.69,3.99,,2.81,0.8,0.004,-0.216,-0.209,1.45,2/19/2025 8:30,1174.17,173.67,145.99,-3.01%
112,CRM,Salesforce Inc,"DJIA, S&P 500",Technology,Software - Application,USA,259662.22,42.48,63.59,14.6,0.005,1.74,0.2,0.164,-0.202,-0.192,1.38,2/26/2025 16:30,6883.55,375.48,270.2,0.69%
113,CRWD,Crowdstrike Holdings Inc,"NDX, S&P 500",Technology,Software - Infrastructure,USA,89824.37,,13.23,17.44,,2.2,0.24,-0.005,0.021,0.059,1.28,3/4/2025 16:30,4072.16,413.07,362.38,2.78%
114,CSCO,"Cisco Systems, Inc","DJIA, NDX, S&P 500",Technology,Communication Equipment,USA,245858.48,27.08,11.45,4.62,0.026,2.54,0.71,0.170,0.037,0.044,0.85,2/12/2025 16:30,21274.94,71.72,61.8,0.15%
115,CSGP,"Costar Group, Inc","NDX, S&P 500",Real Estate,Real Estate Services,USA,33395.17,232.95,18.45,11.1,,5.01,0.14,0.051,0.096,0.106,0.88,2/18/2025 16:30,3231.73,86.54,79.18,-0.06%
116,CSX,CSX Corp,"NDX, S&P 500",Industrials,Railroads,USA,55675.38,16.49,6.58,0.53,0.016,2.01,1.52,0.240,-0.090,-0.085,1.22,4/16/2025 16:30,14827.88,35.88,29.54,0.37%
117,CTAS,Cintas Corporation,"NDX, S&P 500",Industrials,Specialty Business Services,USA,83884.68,48.18,11.38,0.6,0.006,2.26,0.59,0.175,0.134,0.138,1.19,3/26/2025 8:30,1805.02,212.69,207.87,1.14%
118,CTRA,Coterra Energy Inc,S&P 500,Energy,Oil & Gas E&P,USA,22212.28,19.36,17.85,2.98,0.030,3.41,0.29,0.205,0.180,0.138,0.46,2/24/2025 16:30,6670.16,35.11,29.07,0.59%
119,CTSH,Cognizant Technology Solutions Corp,"NDX, S&P 500",Technology,Information Technology Services,USA,37813.36,16.96,29.11,4.53,0.016,4.69,0.1,0.114,-0.035,-0.006,1.03,2/5/2025 16:30,3900.83,89.42,76.45,-0.07%
120,CTVA,Corteva Inc,S&P 500,Basic Materials,Agricultural Inputs,USA,43405.58,49.39,34.7,5.1,0.011,2.85,0.13,0.054,0.110,0.116,0.73,2/5/2025 16:30,3526.77,68.95,63.55,0.99%
121,CVS,CVS Health Corp,S&P 500,Healthcare,Healthcare Plans,USA,85708.86,18.59,59.97,8.79,0.037,1.79,1.1,0.012,0.528,0.514,0.57,2/12/2025 8:30,11081.68,72.35,67.98,0.34%
122,CVX,Chevron Corp,"DJIA, S&P 500",Energy,Oil & Gas Integrated,USA,294844.59,17.37,86.1,4.04,0.041,7.83,0.19,0.091,0.170,0.163,0.91,1/31/2025 8:30,8072.2,176.5,168.51,0.73%
123,CZR,Caesars Entertainment Inc,S&P 500,Consumer Cyclical,Resorts & Casinos,USA,5264.29,,19.67,4.53,,4.61,6.2,-0.025,-0.250,-0.257,2.68,2/25/2025 16:30,5183.44,47.43,24.83,-0.68%
124,D,Dominion Energy Inc,S&P 500,Utilities,Utilities - Regulated Electric,USA,47936.36,20.83,30.82,0.43,0.048,3.59,1.56,0.158,0.043,0.045,0.57,2/12/2025 8:30,4859.34,60.14,56.26,0.34%
125,DAL,"Delta Air Lines, Inc",S&P 500,Industrials,Airlines,USA,27401.7,7.96,23.66,5.01,0.012,2.05,1.49,0.056,-0.308,-0.299,1.23,4/9/2025 8:30,10304.61,75.5,42.42,-2.71%
126,DASH,DoorDash Inc,"NDX, S&P 500",Communication Services,Internet Content & Information,USA,76633.93,688.38,18.59,13.17,,2.35,0.07,0.012,0.077,0.088,1.69,2/11/2025 16:30,5713.39,225.5,182.42,-0.19%
127,DAY,Dayforce Inc,S&P 500,Technology,Software - Application,USA,9233.02,519.5,16.01,3.66,,3.64,0.48,0.010,-0.209,-0.197,1.2,2/5/2025 8:30,1932.36,78.5,58.34,0.02%
128,DD,DuPont de Nemours Inc,S&P 500,Basic Materials,Specialty Chemicals,USA,31303.52,44.84,55.86,4.44,0.021,1.7,0.32,0.057,-0.023,-0.018,1.24,2/11/2025 8:30,2527.01,100.81,74.88,0.27%
129,DE,Deere & Co,S&P 500,Industrials,Farm & Heavy Construction Machinery,USA,129858,21.21,82.82,28.79,0.013,3.22,2.88,0.129,0.113,0.129,1.01,2/13/2025 8:30,1436.32,498.53,478.45,1.94%
130,DECK,Deckers Outdoor Corp,S&P 500,Consumer Cyclical,Footwear & Accessories,USA,17203.54,18.4,17.33,14.76,,1.83,0.1,0.191,-0.453,-0.442,1.07,1/30/2025 16:30,3151.95,223.6,113.35,1.38%
131,DELL,Dell Technologies Inc,S&P 500,Technology,Computer Hardware,USA,64173.44,14.79,-2.13,5.38,0.023,1.63,,0.047,-0.216,-0.202,0.93,2/27/2025 16:30,8230.45,137.67,91.96,0.89%
132,DFS,Discover Financial Services,S&P 500,Financial,Credit Services,USA,42901.21,10.95,67.12,,0.017,2.68,0.91,0.165,-0.023,-0.016,1.19,1/22/2025 16:30,2018.03,206.54,170.51,-0.11%
133,DG,Dollar General Corp,S&P 500,Consumer Defensive,Discount Stores,USA,19267.37,17.13,33.71,4.24,0.027,2.96,2.36,0.028,0.154,0.155,0.4,3/13/2025 8:30,3890.57,84.4,87.6,-0.38%
134,DGX,"Quest Diagnostics, Inc",S&P 500,Healthcare,Diagnostics & Research,USA,18786.37,21.99,61.06,4.95,0.018,2.48,1.05,0.088,0.109,0.122,0.78,4/22/2025 8:30,1113.11,179.73,169.28,0.05%
135,DHI,D.R. Horton Inc,S&P 500,Consumer Cyclical,Residential Construction,USA,40149.76,9,78.53,9.74,0.013,1.99,0.21,0.127,-0.092,-0.089,1.62,4/17/2025 8:30,3654.81,164.36,127.41,0.22%
136,DHR,Danaher Corp,S&P 500,Healthcare,Diagnostics & Research,USA,143369.09,37.9,68.9,2.9,0.006,1.78,0.35,0.163,-0.133,-0.127,0.87,4/22/2025 8:30,4365.9,264.57,200.39,-2.25%
137,DIS,Walt Disney Co,"DJIA, S&P 500",Communication Services,Entertainment,USA,176584.81,31.72,53.65,3.03,0.009,2.51,0.44,0.061,-0.124,-0.123,1.44,2/5/2025 8:30,8905.9,126.84,97.68,-1.03%
138,DLR,Digital Realty Trust Inc,S&P 500,Real Estate,REIT - Specialty,USA,49166.89,89.82,61.22,11.5,0.034,3.27,0.92,0.101,-0.180,-0.176,0.94,2/13/2025 16:30,2530.51,188.65,146.05,1.93%
139,DLTR,Dollar Tree Inc,S&P 500,Consumer Defensive,Discount Stores,USA,16204.35,,18.49,5.84,,3.41,1.97,-0.110,-0.009,0.005,0.87,3/26/2025 8:30,3767.87,81.8,75.34,0.36%
140,DOC,Healthpeak Properties Inc,S&P 500,Real Estate,REIT - Healthcare Facilities,USA,14266.17,57.69,12.01,0.26,0.062,3.33,1.1,0.090,-0.003,-0.012,1,2/3/2025 16:30,4755.77,24.53,20.02,-0.99%
141,DOV,Dover Corp,S&P 500,Industrials,Specialty Industrial Machinery,USA,24187.38,9.07,50.68,13.46,0.012,2.17,0.45,0.330,-0.063,-0.059,1.24,1/30/2025 8:30,940.18,225.94,176.47,0.45%
142,DOW,Dow Inc,S&P 500,Basic Materials,Chemicals,USA,24359.62,22.11,24.67,3.76,0.081,3.12,1.02,0.026,-0.135,-0.138,1.04,4/24/2025 8:30,7348.52,43.56,34.61,-0.89%
143,DPZ,Dominos Pizza Inc,S&P 500,Consumer Cyclical,Restaurants,USA,15965.73,27.89,-115.58,13.48,0.015,2.61,,0.124,0.083,0.109,1.15,4/28/2025 8:30,661.27,493.9,465.47,1.31%
144,DRI,"Darden Restaurants, Inc",S&P 500,Consumer Cyclical,Restaurants,USA,24546.94,23.65,17.67,2.04,0.027,3.86,2.76,0.090,0.117,0.122,0.93,3/20/2025 8:30,1236.96,214.04,209.54,0.86%
145,DTE,DTE Energy Co,S&P 500,Utilities,Utilities - Regulated Electric,USA,28620.85,20.38,56.47,0.42,0.032,3.49,1.99,0.114,0.137,0.142,0.5,2/13/2025 8:30,1312.24,141.14,137.92,-0.25%
146,DUK,Duke Energy Corp,S&P 500,Utilities,Utilities - Regulated Electric,USA,94074.01,21.31,63.34,0.51,0.035,3.18,1.7,0.145,0.118,0.124,0.37,2/13/2025 8:30,3827.41,124.57,121.07,-0.74%
147,DVA,DaVita Inc,S&P 500,Healthcare,Medical Care Facilities,USA,12152.8,14.14,1.5,11.64,0.011,4.72,99.63,0.073,-0.016,0.016,1.04,2/13/2025 16:30,894.67,169.14,151.91,-0.69%
148,DVN,Devon Energy Corp,S&P 500,Energy,Oil & Gas E&P,USA,24382.93,8.22,22.28,1.3,0.026,1.92,0.64,0.186,0.204,0.148,1.54,2/18/2025 16:30,9397.37,49.28,37.57,0.45%
149,DXCM,Dexcom Inc,"NDX, S&P 500",Healthcare,Medical Devices,USA,26306.77,47.26,5.38,6.6,,2.92,1.23,0.143,-0.161,-0.134,1.5,2/13/2025 16:30,3935.91,103.45,67.32,-1.42%
150,EA,"Electronic Arts, Inc","NDX, S&P 500",Communication Services,Electronic Gaming & Multimedia,USA,37964.16,37.07,28.34,12.11,0.005,2.64,0.26,0.143,-0.017,-0.004,0.79,2/4/2025 16:30,4172.99,145.92,145.67,0.80%
151,EBAY,EBay Inc,S&P 500,Consumer Cyclical,Internet Retail,USA,31594.8,17.08,10.95,13.34,0.017,4.34,1.52,0.191,0.079,0.094,1.43,2/26/2025 16:30,5293.42,65.64,67.8,0.10%
152,ECL,"Ecolab, Inc",S&P 500,Basic Materials,Specialty Chemicals,USA,72119.24,34.49,30.91,4.43,0.010,1.41,0.95,0.134,0.069,0.085,1.15,2/11/2025 8:30,1381.21,289.21,254.27,0.30%
153,ED,"Consolidated Edison, Inc",S&P 500,Utilities,Utilities - Regulated Electric,USA,38859.07,21,63.29,3.77,0.031,3.08,1.27,0.119,0.229,0.233,0.26,2/20/2025 16:30,2767.42,102.5,110.06,-0.48%
154,EFX,"Equifax, Inc",S&P 500,Industrials,Consulting Services,USA,30433.41,50.45,38.68,1.36,0.007,2.59,1.04,0.106,-0.047,-0.043,1.65,2/6/2025 8:30,1065.36,286.5,243.86,0.12%
155,EG,Everest Group Ltd,S&P 500,Financial,Insurance - Reinsurance,Bermuda,15688.54,11.49,322.67,,0.023,1.68,0.27,0.079,0.015,0.008,0.43,2/3/2025 16:30,438.3,396.75,365.41,0.57%
156,EIX,Edison International,S&P 500,Utilities,Utilities - Regulated Electric,USA,22620.14,17.79,36.18,0.61,0.056,1.48,2.43,0.073,-0.264,-0.264,0.74,2/27/2025 16:30,5750.48,68.37,58.75,-0.29%
157,EL,"Estee Lauder Cos., Inc",S&P 500,Consumer Defensive,Household & Personal Products,USA,24413.89,,11.59,7.19,0.024,2.36,2.25,-0.046,-0.091,-0.095,1.09,2/4/2025 8:30,3885.76,74.87,67.87,2.83%
158,ELV,Elevance Health Inc,S&P 500,Healthcare,Healthcare Plans,USA,98370.61,16.89,181.62,,0.016,1.55,0.78,0.034,0.166,0.173,0.78,1/23/2025 8:30,1632.08,485.67,432.68,-0.52%
159,EMN,Eastman Chemical Co,S&P 500,Basic Materials,Specialty Chemicals,USA,10169.71,11.46,50.2,7.25,0.038,3,0.89,0.097,-0.040,-0.036,1.4,1/30/2025 16:30,1095.89,113.42,88.08,-0.03%
160,EMR,Emerson Electric Co,S&P 500,Industrials,Specialty Industrial Machinery,USA,62029,26.16,36.34,5.03,0.019,4.27,0.4,0.137,-0.125,-0.112,1.28,2/5/2025 8:30,3025.35,142.54,110,0.33%
161,ENPH,Enphase Energy Inc,S&P 500,Technology,Solar,USA,8264.83,84.52,6.29,12.97,,4.9,1.6,0.077,-0.135,-0.092,1.94,2/4/2025 16:30,4084.52,78.15,62.39,0.55%
162,EOG,"EOG Resources, Inc",S&P 500,Energy,Oil & Gas E&P,USA,71622.68,11.51,52.68,12.8,0.031,4.12,0.2,0.273,0.074,0.055,0.93,2/27/2025 16:30,3354.97,144.23,129.3,0.83%
163,EPAM,EPAM Systems Inc,S&P 500,Technology,Information Technology Services,USA,9530.47,21.36,63.82,22.65,,1.79,0.04,0.096,-0.298,-0.284,1.69,2/20/2025 8:30,693.52,260.5,167.53,-0.78%
164,EQIX,Equinix Inc,S&P 500,Real Estate,REIT - Specialty,USA,79515.38,95.57,139.05,40.11,0.023,3.06,1.4,0.093,-0.133,-0.134,0.94,2/12/2025 16:30,640.34,1028.96,816.95,0.20%
165,EQR,Equity Residential Properties Trust,S&P 500,Real Estate,REIT - Residential,USA,27888.22,26.76,29.06,0.16,0.039,3.62,0.76,0.349,-0.004,-0.007,0.87,2/3/2025 16:30,1668.7,77.81,71.28,-0.42%
166,EQT,EQT Corp,S&P 500,Energy,Oil & Gas E&P,USA,32190.12,131.09,34.51,0.34,0.013,2.43,0.46,0.044,0.216,0.169,1.36,2/18/2025 16:30,8280.76,57.52,53.88,0.84%
167,ERIE,Erie Indemnity Co,S&P 500,Financial,Insurance Brokers,USA,19140.42,36.07,42.67,7.37,0.013,8.37,0,0.158,-0.020,-0.003,0.46,2/27/2025 16:30,157.02,115,411,-1.92%
168,ES,Eversource Energy,S&P 500,Utilities,Utilities - Regulated Electric,USA,22792.12,26.94,41.02,0.07,0.048,1.86,1.94,0.068,0.083,0.081,0.59,2/11/2025 16:30,2864.43,69.4,62.09,-0.03%
169,ESS,"Essex Property Trust, Inc",S&P 500,Real Estate,REIT - Residential,USA,20343.56,26.47,86.14,1.14,0.033,2.19,1.21,0.418,0.074,0.070,0.8,2/4/2025 16:30,468.41,312.32,305.51,-0.35%
170,ETN,Eaton Corporation plc,S&P 500,Industrials,Specialty Industrial Machinery,Ireland,108402.59,29.12,47.06,5.31,0.015,1.56,0.54,0.153,-0.173,-0.166,1.08,1/31/2025 8:30,3741.37,356.21,276.7,1.79%
171,ETR,Entergy Corp,S&P 500,Utilities,Utilities - Regulated Electric,USA,36899.93,35.12,35.11,2,0.028,2.3,1.92,0.089,0.131,0.130,0.55,2/18/2025 8:30,4231.84,91.14,85.66,0.20%
172,EVRG,Evergy Inc,S&P 500,Utilities,Utilities - Regulated Electric,USA,15872.94,18.21,43.29,0.12,0.039,4.02,1.43,0.150,0.119,0.121,0.5,2/27/2025 8:30,2215.36,71.95,69.01,0.09%
173,EW,Edwards Lifesciences Corp,S&P 500,Healthcare,Medical Devices,USA,42098.25,29.34,16.99,6.79,,2.07,0.07,0.256,-0.050,-0.029,1.15,2/11/2025 16:30,4555.59,79.51,71.87,-0.84%
174,EXC,Exelon Corp,"NDX, S&P 500",Utilities,Utilities - Regulated Electric,USA,46357.87,18.72,26.79,0.89,0.035,2.76,1.75,0.107,0.227,0.220,0.37,2/12/2025 8:30,7642.39,45.5,45.92,-0.35%
175,EXE,Expand Energy Corp,S&P 500,Energy,Oil & Gas E&P,USA,26234.59,,75.79,2.06,0.020,2.19,0.33,-0.168,0.167,0.133,0.43,2/26/2025 16:30,4280.08,124.36,112.74,1.28%
176,EXPD,"Expeditors International Of Washington, Inc",S&P 500,Industrials,Integrated Freight & Logistics,USA,16839.38,21.35,16.11,8.34,0.014,4.13,0.26,0.076,0.097,0.104,1.03,2/18/2025 8:30,1380.34,115.61,122.24,1.65%
177,EXPE,Expedia Group Inc,S&P 500,Consumer Cyclical,Travel Services,USA,21609.26,18.54,12.09,45.59,0.005,3.26,4.24,0.090,-0.099,-0.100,1.66,2/6/2025 16:30,2169.99,213.18,167.7,-0.24%
178,EXR,Extra Space Storage Inc,S&P 500,Real Estate,REIT - Industrial,USA,32724.69,36.67,65.79,0.62,0.045,3.1,0.94,0.262,-0.002,-0.012,0.97,2/25/2025 16:30,1313.71,165,147.84,-0.44%
179,F,Ford Motor Co,S&P 500,Consumer Cyclical,Auto Manufacturers,USA,39396.67,6.8,11.31,9.68,0.064,1.38,3.59,0.032,0.007,0.020,1.42,2/5/2025 16:30,100958.91,9.85,9.94,-0.90%
180,FANG,Diamondback Energy Inc,"NDX, S&P 500",Energy,Oil & Gas E&P,USA,46562.36,10.19,129.68,0.57,0.026,2.12,0.35,0.300,0.016,-0.018,1.43,2/24/2025 16:30,2507.48,206.17,160.87,0.62%
181,FAST,Fastenal Co,"NDX, S&P 500",Industrials,Industrial Distribution,USA,44505.55,38.74,6.31,0.45,0.022,4.18,0.13,0.153,0.063,0.079,1.04,4/11/2025 8:30,3283.29,77.1,77.61,0.08%
182,FCX,Freeport-McMoRan Inc,S&P 500,Basic Materials,Copper,USA,54795.59,29.42,12.23,3.35,0.015,1.55,0.55,0.075,-0.017,0.003,1.71,1/23/2025 8:30,16077.32,48.98,38.13,0.71%
183,FDS,Factset Research Systems Inc,S&P 500,Financial,Financial Data & Stock Exchanges,USA,17380.11,32.48,52.34,7.72,0.009,4.72,0.81,0.241,-0.061,-0.049,0.82,3/20/2025 8:30,298.15,453.69,457.01,0.52%
184,FDX,Fedex Corp,S&P 500,Industrials,Integrated Freight & Logistics,USA,57978.15,15.19,111.28,21.73,0.023,1.8,1.39,0.045,-0.137,-0.140,1.25,3/20/2025 16:30,1878.51,289.77,241.98,-0.74%
185,FE,Firstenergy Corp,S&P 500,Utilities,Utilities - Regulated Electric,USA,23298.58,23.82,21.6,0.27,0.044,2.33,1.95,0.073,0.018,0.016,0.39,2/26/2025 16:30,5311.53,42.91,40.4,-0.05%
186,FFIV,F5 Inc,S&P 500,Technology,Software - Infrastructure,USA,15484.25,26.72,55.66,19.96,,2.47,0.08,0.206,0.051,0.068,1.14,1/28/2025 16:30,604.7,304.56,268.58,0.87%
187,FI,"Fiserv, Inc",S&P 500,Technology,Information Technology Services,USA,124611.76,41.25,47.99,2.2,,2.62,0.95,0.153,0.068,0.081,0.92,2/5/2025 8:30,3026.04,259.71,222.01,0.53%
188,FICO,Fair Isaac Corp,S&P 500,Technology,Software - Application,USA,45624.56,85.75,-46.56,7.55,,3.45,,0.307,-0.083,-0.062,1.37,2/4/2025 16:30,209.46,2032.31,1868.47,1.32%
189,FIS,"Fidelity National Information Services, Inc",S&P 500,Technology,Information Technology Services,USA,39499.1,50.28,29.56,1.57,0.023,3.8,0.74,0.080,-0.086,-0.077,1.08,2/11/2025 8:30,3599.63,84.42,74.57,-0.15%
190,FITB,Fifth Third Bancorp,S&P 500,Financial,Banks - Regional,USA,26009.09,12.41,26.17,,0.039,5.04,1,0.155,-0.093,-0.079,1.01,4/17/2025 8:30,4847.14,48.88,38.93,-0.69%
191,FOX,Fox Corporation,S&P 500,Communication Services,Entertainment,USA,24306.28,11.08,25.3,7.08,0.011,2.69,0.71,0.144,0.110,0.132,0.59,2/4/2025 8:30,1245.21,57.03,51.77,-1.78%
192,FOXA,Fox Corporation,S&P 500,Communication Services,Entertainment,USA,24406.57,11.94,25.3,7.6,0.010,4.33,0.71,0.144,0.128,0.149,0.52,2/4/2025 8:30,4121.44,57.32,55.82,-1.38%
193,FRT,Federal Realty Investment Trust,S&P 500,Real Estate,REIT - Retail,USA,8378.81,28.34,35.16,1.43,0.046,2.99,1.49,0.238,-0.130,-0.134,1.1,2/13/2025 16:30,762.8,116.44,96.99,-0.85%
194,FSLR,First Solar Inc,S&P 500,Technology,Solar,USA,13657.91,10.62,74.51,16.82,,2.93,0.09,0.307,-0.302,-0.276,1.48,2/25/2025 16:30,2793.45,242.1,127.57,0.90%
195,FTNT,Fortinet Inc,"NDX, S&P 500",Technology,Software - Infrastructure,USA,74336.72,42.77,1.95,5.29,,4.12,0.72,0.293,0.006,0.023,1.1,2/6/2025 16:30,4644.97,114.94,96.67,0.43%
196,FTV,Fortive Corp,S&P 500,Technology,Scientific & Technical Instruments,USA,25011.32,31.12,29.86,2.39,0.004,2.84,0.38,0.134,-0.028,-0.020,1.12,2/7/2025 8:30,2526.54,89.88,73.5,0.44%
197,GD,General Dynamics Corp,S&P 500,Industrials,Aerospace & Defense,USA,74113.96,20.1,81.61,6.28,0.022,1.52,0.48,0.079,0.030,0.040,0.43,1/29/2025 8:30,1697,285.53,274.14,0.57%
198,GDDY,Godaddy Inc,S&P 500,Technology,Software - Infrastructure,USA,25545.84,28,4.9,7.7,,1.82,5.63,0.205,-0.112,-0.084,1.19,2/13/2025 16:30,1486.32,226.12,180.72,0.32%
199,GE,GE Aerospace,S&P 500,Industrials,Aerospace & Defense,USA,218725.87,34.12,18.01,13.6,0.007,2.79,1.05,0.143,0.198,0.222,1.05,4/22/2025 8:30,5194.93,231.06,203.79,1.82%
200,GEHC,GE HealthCare Technologies Inc,"NDX, S&P 500",Healthcare,Medical Devices,USA,36387.23,18.33,18.49,6.32,0.001,3.13,1.11,0.101,0.001,0.018,1.31,2/13/2025 8:30,3130.16,102.5,79.57,-1.41%
201,GEN,Gen Digital Inc,S&P 500,Technology,Software - Infrastructure,USA,16479.9,26.39,3.49,1.43,0.019,5.3,3.97,0.163,-0.033,-0.023,1,1/30/2025 16:30,3771.22,32.17,26.74,0.75%
202,GEV,GE Vernova Inc,S&P 500,Utilities,Utilities - Renewable,USA,87085.32,56.11,34.6,29.74,0.002,1.19,0.11,0.044,-0.054,-0.040,1.36,4/23/2025 8:30,4110.06,413.32,315.64,3.39%
203,GILD,"Gilead Sciences, Inc","NDX, S&P 500",Healthcare,Drug Manufacturers - General,USA,138582.1,303.13,15.51,9.29,0.028,2.58,1.41,0.017,0.182,0.205,0.34,4/24/2025 16:30,8666.57,113.68,111.28,-0.69%
204,GIS,"General Mills, Inc",S&P 500,Consumer Defensive,Packaged Foods,USA,32702.71,13.12,16.92,0.95,0.040,4.41,1.53,0.130,-0.066,-0.064,0.14,3/19/2025 8:30,5920.93,61.89,59.72,-0.12%
205,GL,Globe Life Inc,S&P 500,Financial,Insurance - Life,USA,10998.87,11.06,63.18,,0.008,2.54,0.52,0.185,0.207,0.185,0.6,2/5/2025 16:30,640.53,141.83,132.13,0.31%
206,GLW,"Corning, Inc",S&P 500,Technology,Electronic Components,USA,39017.63,78.01,13.14,2.06,0.026,2.29,0.76,0.039,-0.047,-0.042,1.02,1/29/2025 8:30,6040.83,57.5,45.54,-0.52%
207,GM,General Motors Company,S&P 500,Consumer Cyclical,Auto Manufacturers,USA,47023.79,7.69,63.07,29.89,0.011,3.22,2.08,0.038,-0.129,-0.113,1.28,1/28/2025 8:30,13721.01,60.27,47.26,0.49%
208,GNRC,Generac Holdings Inc,S&P 500,Industrials,Specialty Industrial Machinery,USA,7531.04,23.41,41.84,4.72,,2.66,0.56,0.076,-0.189,-0.185,1.58,2/12/2025 8:30,845.83,175,126.33,-0.25%
209,GOOG,Alphabet Inc,"NDX, S&P 500",Communication Services,Internet Content & Information,USA,1925924.9,19.75,26.62,7.89,0.003,2.23,0.09,0.286,-0.181,-0.166,1.04,2/4/2025 16:30,19967.15,216.37,158.88,1.70%
210,GOOGL,Alphabet Inc,"NDX, S&P 500",Communication Services,Internet Content & Information,USA,1923560.94,19.52,26.62,7.81,0.003,2.32,0.09,0.286,-0.185,-0.170,1.04,2/4/2025 16:30,31033.84,216.58,157.07,1.57%
211,GPC,Genuine Parts Co,S&P 500,Consumer Cyclical,Auto Parts,USA,16438.73,18.31,31.25,3.46,0.035,2.76,1.4,0.039,0.013,0.015,0.83,2/18/2025 8:30,1603.66,129.33,118.45,-0.58%
212,GPN,"Global Payments, Inc",S&P 500,Technology,Software - Infrastructure,USA,24204.07,15.94,89.59,11.13,0.011,3.74,0.77,0.155,-0.124,-0.122,0.98,2/13/2025 8:30,2062.63,131.44,98.44,0.53%
213,GRMN,Garmin Ltd,S&P 500,Technology,Scientific & Technical Instruments,Switzerland,41861.29,29.78,40.78,13,0.016,4.15,0.02,0.224,0.039,0.055,0.94,2/19/2025 8:30,957.23,217.33,217.57,0.20%
214,GS,"Goldman Sachs Group, Inc","DJIA, S&P 500",Financial,Capital Markets,USA,170452.99,13.53,350.05,,0.023,1.44,5.52,0.107,-0.048,-0.042,1.32,4/14/2025 8:30,2735.34,647.9,548.45,0.40%
215,GWW,W.W. Grainger Inc,S&P 500,Industrials,Industrial Distribution,USA,47885.29,25.54,69.48,21.51,0.009,4.16,0.95,0.111,-0.070,-0.057,1.19,1/31/2025 8:30,287.96,1113.36,994.06,0.63%
216,HAL,Halliburton Co,S&P 500,Energy,Oil & Gas Equipment & Services,USA,22179.74,9.02,12.1,3.02,0.028,2.3,0.83,0.109,-0.046,-0.060,1.46,4/22/2025 8:30,11736.27,33.88,25.55,0.71%
217,HAS,"Hasbro, Inc",S&P 500,Consumer Cyclical,Leisure,USA,8670.48,22.6,8.3,4.98,0.047,3.17,2.95,0.093,0.096,0.111,0.5,2/20/2025 8:30,1673.92,77.73,62.14,1.06%
218,HBAN,"Huntington Bancshares, Inc",S&P 500,Financial,Banks - Regional,USA,21838.27,12.26,12.21,,0.043,3.12,0.87,0.152,-0.087,-0.081,0.92,4/17/2025 8:30,22409.12,18.56,14.95,-0.40%
219,HCA,HCA Healthcare Inc,S&P 500,Healthcare,Medical Care Facilities,USA,85119.86,15.72,-10,8.21,0.008,2.96,,0.082,0.143,0.152,1.49,1/24/2025 8:30,1666.24,379.05,345.73,0.05%
220,HD,"Home Depot, Inc","DJIA, S&P 500",Consumer Cyclical,Home Improvement Retail,USA,363338.63,24.51,6.68,1.67,0.025,2.69,9.38,0.093,-0.070,-0.060,1.09,2/25/2025 8:30,3548.33,431.88,365.52,-0.26%
221,HES,Hess Corporation,S&P 500,Energy,Oil & Gas E&P,USA,49724.35,17.95,36.38,3.8,0.013,2.96,0.84,0.215,0.235,0.213,0.89,1/29/2025 8:30,2020.56,171.08,161.29,0.98%
222,HIG,Hartford Insurance Group Inc.(The),S&P 500,Financial,Insurance - Property & Casualty,USA,35499.28,12.01,56.03,,0.017,2.35,0.27,0.116,0.130,0.137,0.67,1/30/2025 16:30,1752.36,130.06,124.39,0.53%
223,HII,Huntington Ingalls Industries Inc,S&P 500,Industrials,Aerospace & Defense,USA,7933.43,14.49,119.25,21.18,0.022,2.02,0.74,0.048,0.062,0.070,0.33,2/6/2025 8:30,768.95,184.18,202.2,-0.90%
224,HLT,Hilton Worldwide Holdings Inc,S&P 500,Consumer Cyclical,Lodging,USA,54459.47,36.99,-15.41,5.74,0.003,2.43,,0.137,-0.091,-0.080,1.19,2/6/2025 8:30,1836.92,273.1,227.28,-0.12%
225,HOLX,"Hologic, Inc",S&P 500,Healthcare,Medical Instruments & Supplies,USA,13773.04,19.42,21.16,8.79,,2.39,0.53,0.184,-0.155,-0.149,0.83,2/5/2025 16:30,2455.08,79.6,61.38,-0.63%
226,HON,Honeywell International Inc,"DJIA, NDX, S&P 500",Industrials,Conglomerates,USA,138479.47,24.5,28.65,16.88,0.021,1.91,1.73,0.148,-0.070,-0.055,1,2/6/2025 8:30,4338.04,241.29,213.45,0.80%
227,HPE,Hewlett Packard Enterprise Co,S&P 500,Technology,Communication Equipment,USA,20544.36,7.74,19.21,10.55,0.034,2.36,0.71,0.089,-0.278,-0.267,1.22,3/6/2025 16:30,18547.36,18.55,15.64,1.36%
228,HPQ,HP Inc,S&P 500,Technology,Computer Hardware,USA,26197.72,9.99,-1.13,3.07,0.042,4.28,,0.051,-0.165,-0.148,1.11,2/27/2025 16:30,7162.1,36.38,27.79,0.36%
229,HRL,Hormel Foods Corp,S&P 500,Consumer Defensive,Packaged Foods,USA,16904.31,22.31,14.6,1.58,0.038,4.11,0.36,0.064,-0.035,-0.020,0.31,2/27/2025 8:30,3088.41,32.78,30.74,-0.65%
230,HSIC,Henry Schein Inc,S&P 500,Healthcare,Medical Distribution,USA,8576.89,22.63,27.33,0.98,,2.63,0.85,0.031,-0.019,-0.002,0.85,2/25/2025 8:30,1890.7,79.38,69.07,0.85%
231,HST,Host Hotels & Resorts Inc,S&P 500,Real Estate,REIT - Hotel & Motel,USA,10095.1,14.6,9.45,0.79,0.060,4.92,0.85,0.123,-0.192,-0.176,1.28,2/19/2025 16:30,8828.91,19.44,14.44,1.62%
232,HSY,Hershey Company,S&P 500,Consumer Defensive,Confectioners,USA,34358.78,15.57,23.3,3.61,0.033,4.17,1.16,0.198,-0.013,0.002,0.27,2/6/2025 8:30,1996.09,158.09,169.62,-0.82%
233,HUBB,Hubbell Inc,S&P 500,Industrials,Electrical Equipment & Parts,USA,17832.43,23.17,60.79,6.44,0.016,3.43,0.53,0.138,-0.213,-0.205,0.94,2/4/2025 8:30,659.96,453.5,332.86,0.59%
234,HUM,Humana Inc,S&P 500,Healthcare,Healthcare Plans,USA,31952.17,26.58,135.73,,0.015,2.1,0.75,0.010,0.036,0.044,0.63,2/11/2025 8:30,1583.19,286.19,264.74,0.05%
235,HWM,Howmet Aerospace Inc,S&P 500,Industrials,Aerospace & Defense,USA,53373.87,46.87,11.1,1.39,0.003,3.4,0.76,0.155,0.185,0.205,1.27,2/13/2025 8:30,2917.49,144.85,131.78,1.58%
236,IBM,International Business Machines Corp,"DJIA, S&P 500",Technology,Information Technology Services,USA,232131.34,39.01,29.48,15.97,0.028,3.89,2.14,0.096,0.124,0.139,0.66,4/23/2025 16:30,4790.02,255.41,250.34,0.68%
237,ICE,Intercontinental Exchange Inc,S&P 500,Financial,Financial Data & Stock Exchanges,USA,98532.13,35.87,48.17,4.49,0.011,1.68,0.75,0.249,0.141,0.151,1.1,2/6/2025 8:30,3166.15,190.31,171.49,-0.59%
238,IDXX,"Idexx Laboratories, Inc","NDX, S&P 500",Healthcare,Diagnostics & Research,USA,33920.52,39.24,19.55,3.56,,4.17,0.62,0.228,0.009,0.012,1.5,2/3/2025 8:30,724.7,526.7,418.57,-0.33%
239,IEX,Idex Corporation,S&P 500,Industrials,Specialty Industrial Machinery,USA,13684.82,27.23,50,8.46,0.015,1.98,0.52,0.155,-0.142,-0.135,1.05,2/5/2025 8:30,564.13,231.42,181.15,0.10%
240,IFF,International Flavors & Fragrances Inc,S&P 500,Basic Materials,Specialty Chemicals,USA,19801.56,81.65,54.27,1.83,0.021,3.26,0.69,0.021,-0.085,-0.084,1.23,2/18/2025 16:30,1689.14,97.58,77.43,-0.23%
241,INCY,Incyte Corp,S&P 500,Healthcare,Biotechnology,USA,11787.57,224.59,17.82,11.15,,3.55,0.02,0.008,-0.120,-0.118,0.9,2/10/2025 8:30,1792.32,74,60.91,0.59%
242,INTC,Intel Corp,"NDX, S&P 500",Technology,Semiconductors,USA,95476.5,,22.93,5.1,0.005,1.34,0.51,-0.353,0.086,0.100,1.12,1/30/2025 16:30,99802.38,25.24,22.05,-2.91%
243,INTU,Intuit Inc,"NDX, S&P 500",Technology,Software - Application,USA,171589.58,57.36,64.16,8.8,0.007,2.5,0.38,0.177,-0.039,-0.023,1.26,2/25/2025 16:30,1867.09,713.11,613.78,-0.03%
244,INVH,Invitation Homes Inc,S&P 500,Real Estate,REIT - Residential,USA,21168.42,101.65,15.93,0.68,0.034,4,0.84,0.082,0.076,0.081,0.86,2/26/2025 16:30,3083.53,36.22,34.55,-0.86%
245,IP,International Paper Co,S&P 500,Consumer Cyclical,Packaging & Containers,USA,28226.64,34.09,23.53,2.22,0.035,4.25,0.99,0.030,-0.015,-0.003,0.96,1/30/2025 8:30,9703.3,59.95,53.65,0.56%
246,IPG,"Interpublic Group Of Cos., Inc",S&P 500,Communication Services,Advertising Agencies,USA,9733.6,14.29,10.2,5.87,0.052,4.98,1.12,0.065,-0.071,-0.068,1,2/12/2025 8:30,6985.41,33.43,26.12,-3.83%
247,IQV,IQVIA Holdings Inc,S&P 500,Healthcare,Diagnostics & Research,USA,30192.19,22.84,34.45,10.45,,2.57,2.39,0.089,-0.141,-0.129,1.46,2/6/2025 8:30,1483.96,242.1,171.24,-2.87%
248,IR,Ingersoll-Rand Inc,S&P 500,Industrials,Specialty Industrial Machinery,USA,32492.54,39.14,25.27,3.82,0.001,3.76,0.49,0.116,-0.120,-0.109,1.4,2/13/2025 16:30,2573.47,101.93,80.61,0.72%
249,IRM,Iron Mountain Inc,S&P 500,Real Estate,REIT - Specialty,USA,25523.15,143.15,-1.71,0.53,0.035,3.99,,0.029,-0.170,-0.173,1,2/13/2025 8:30,2167.61,112.86,86.89,0.99%
250,ISRG,Intuitive Surgical Inc,"NDX, S&P 500",Healthcare,Medical Instruments & Supplies,USA,177833.16,77.39,46.08,11.2,,2.36,0.01,0.278,-0.072,-0.049,1.56,4/22/2025 16:30,2057.99,631.96,496.36,0.22%
251,IT,"Gartner, Inc",S&P 500,Technology,Information Technology Services,USA,31781.22,25.81,17.56,25.17,,3.1,2.13,0.200,-0.150,-0.146,1.26,2/4/2025 8:30,591.79,554.11,413.72,-1.43%
252,ITW,"Illinois Tool Works, Inc",S&P 500,Industrials,Specialty Industrial Machinery,USA,72960.11,21.23,11.28,3.23,0.024,6.01,2.44,0.219,-0.031,-0.019,1.14,2/5/2025 8:30,1084.05,266.06,248.7,0.28%
253,IVZ,Invesco Ltd,S&P 500,Financial,Asset Management,USA,6799.07,12.83,23.55,3.34,0.057,2.18,0.52,0.090,-0.141,-0.131,1.24,1/28/2025 8:30,4746.24,19,15.19,0.13%
254,J,Jacobs Solutions Inc,S&P 500,Industrials,Engineering & Construction,USA,14947.87,25.13,34.21,15.49,0.008,2.48,0.72,0.042,-0.097,-0.087,0.73,2/4/2025 8:30,889.02,152.92,121.98,0.90%
255,JBHT,"J.B. Hunt Transport Services, Inc",S&P 500,Industrials,Integrated Freight & Logistics,USA,14973.22,26.93,39.92,0.47,0.012,3.61,0.45,0.047,-0.130,-0.123,1.27,4/15/2025 16:30,999.48,182.04,149.72,1.20%
256,JBL,Jabil Inc,S&P 500,Technology,Electronic Components,USA,14942.77,32.64,14.26,14.53,0.002,2.54,2.42,0.018,-0.065,-0.052,1.12,3/20/2025 8:30,1399.51,174.43,136.42,0.26%
257,JCI,Johnson Controls International plc,S&P 500,Industrials,Building Products & Equipment,Ireland,53735.33,31.08,24.07,1.88,0.018,2.05,0.7,0.068,0.020,0.031,1.23,2/5/2025 8:30,4630.06,96.11,81.4,1.61%
258,JKHY,"Jack Henry & Associates, Inc",S&P 500,Technology,Information Technology Services,USA,13414.63,33.18,27.1,0.35,0.012,4.15,0.1,0.178,0.040,0.050,0.72,2/4/2025 16:30,649.38,187.64,184.02,0.78%
259,JNJ,Johnson & Johnson,"DJIA, S&P 500",Healthcare,Drug Manufacturers - General,USA,369309.16,26.43,29.7,10.18,0.033,2.72,0.53,0.158,0.057,0.060,0.48,4/15/2025 8:30,9160.2,169.61,153.25,-7.59%
260,JNPR,Juniper Networks Inc,S&P 500,Technology,Communication Equipment,USA,12041.48,42.28,14.38,4.18,0.024,1.85,0.38,0.057,-0.037,-0.035,0.84,2/4/2025 16:30,3937.18,39.88,36.14,-0.14%
261,JPM,JPMorgan Chase & Co,"DJIA, S&P 500",Financial,Banks - Diversified,USA,681299.19,12.34,116.07,,0.022,2.24,2.28,0.201,0.010,0.017,1.01,4/11/2025 8:30,10527.53,270.55,243.66,-0.67%
262,K,Kellanova,S&P 500,Consumer Defensive,Packaged Foods,USA,28480.31,21.3,10.94,2.01,0.028,2.93,1.68,0.105,0.016,0.019,0.34,2/6/2025 8:30,2379.58,82.08,82.5,0.01%
263,KDP,Keurig Dr Pepper Inc,"NDX, S&P 500",Consumer Defensive,Beverages - Non-Alcoholic,USA,47445.58,33.25,17.87,0.43,0.026,2.2,0.71,0.094,0.084,0.089,0.55,4/24/2025 8:30,12471.22,38.5,34.97,2.19%
264,KEY,Keycorp,S&P 500,Financial,Banks - Regional,USA,17460.89,,14.16,,0.053,1.89,0.81,-0.033,-0.081,-0.078,1.05,4/17/2025 8:30,13853.53,18.92,15.8,-1.19%
265,KEYS,Keysight Technologies Inc,S&P 500,Technology,Scientific & Technical Instruments,USA,25928.49,42.96,29.97,11.92,,1.99,0.39,0.122,-0.079,-0.066,1.12,2/25/2025 16:30,1025.76,189.82,150.04,0.18%
266,KHC,Kraft Heinz Co,"NDX, S&P 500",Consumer Defensive,Packaged Foods,USA,36256,13.4,41.16,1.14,0.053,3.49,0.42,0.106,-0.011,-0.012,0.42,2/12/2025 8:30,10755.44,30.45,30.34,-0.30%
267,KIM,Kimco Realty Corporation,S&P 500,Real Estate,REIT - Retail,USA,14364.6,38.31,15.68,1.02,0.049,3.83,0.84,0.180,-0.095,-0.098,1.25,2/7/2025 8:30,4815.96,24.97,21.14,-0.47%
268,KKR,KKR & Co. Inc,S&P 500,Financial,Asset Management,USA,104671.44,36.05,26.63,17.3,0.006,1.8,2.16,0.132,-0.214,-0.203,1.77,2/4/2025 8:30,5409.24,169.5,117.84,1.93%
269,KLAC,KLA Corp,"NDX, S&P 500",Technology,Semiconductor Equipment & Materials,USA,90689.89,28.7,26.96,28.45,0.009,3.08,1.69,0.296,0.058,0.083,1.36,1/30/2025 16:30,1105.76,834,682.46,0.39%
270,KMB,Kimberly-Clark Corp,S&P 500,Consumer Defensive,Household & Personal Products,USA,47436.15,18.95,2.53,3.64,0.035,1.86,9.38,0.127,0.085,0.092,0.39,1/28/2025 8:30,2192.8,145.41,143.03,0.57%
271,KMI,Kinder Morgan Inc,S&P 500,Energy,Oil & Gas Midstream,USA,63614.79,24.47,13.74,0.1,0.041,2.33,1.05,0.172,0.053,0.045,0.73,1/22/2025 16:30,14551.13,30.28,28.63,0.35%
272,KMX,Carmax Inc,S&P 500,Consumer Cyclical,Auto & Truck Dealerships,USA,12131.74,26.82,40.36,5.29,,6.23,3.13,0.018,-0.058,-0.035,1.59,4/10/2025 8:30,1901.72,87.36,78.88,1.23%
273,KO,Coca-Cola Co,"DJIA, S&P 500",Consumer Defensive,Beverages - Non-Alcoholic,USA,309297.36,29.21,5.78,3.39,0.028,2.1,1.83,0.227,0.151,0.154,0.45,2/11/2025 8:30,18207.34,75.68,71.87,0.35%
274,KR,Kroger Co,S&P 500,Consumer Defensive,Grocery Stores,USA,49306.52,18.56,12.59,7.28,0.020,6.31,3.03,0.018,0.093,0.114,0.59,3/6/2025 8:30,6010.14,67.79,68.14,0.66%
275,KVUE,Kenvue Inc,S&P 500,Consumer Defensive,Household & Personal Products,USA,45640.43,44.61,5.05,0.56,0.034,2.38,0.9,0.067,0.109,0.119,0.98,2/6/2025 8:30,14965.13,24.07,23.88,-0.42%
276,L,Loews Corp,S&P 500,Financial,Insurance - Property & Casualty,USA,19602.39,14.39,79.41,,0.003,2.97,0.55,0.081,0.088,0.087,0.6,2/10/2025 8:30,759.66,82,92.09,0.20%
277,LDOS,Leidos Holdings Inc,S&P 500,Technology,Information Technology Services,USA,17303.74,14.61,33.64,8.45,0.012,3.77,1.23,0.075,-0.066,-0.063,0.67,2/11/2025 8:30,1592.28,172.57,134.96,0.01%
278,LEN,Lennar Corp,S&P 500,Consumer Cyclical,Residential Construction,USA,30089.9,8.34,103.9,8.78,0.018,2.53,0.1,0.103,-0.131,-0.126,1.53,3/20/2025 16:30,3401.52,130.38,114.51,-0.24%
279,LH,Labcorp Holdings Inc,S&P 500,Healthcare,Diagnostics & Research,USA,19472.81,26.33,96.55,18.14,0.013,3.04,0.9,0.057,0.010,0.015,0.99,2/6/2025 8:30,625.07,277.38,232.65,-0.04%
280,LHX,L3Harris Technologies Inc,S&P 500,Industrials,Aerospace & Defense,USA,39373.51,26.62,102.82,3.28,0.024,2.48,0.67,0.070,-0.012,-0.003,0.72,1/30/2025 8:30,1321.93,257.29,209.75,0.21%
281,LII,Lennox International Inc,S&P 500,Industrials,Building Products & Equipment,USA,20096.46,25.06,23.88,11.87,0.008,4.17,1.75,0.151,-0.089,-0.073,1.08,1/29/2025 8:30,412.13,634.87,564.83,0.71%
282,LIN,Linde Plc,"NDX, S&P 500",Basic Materials,Specialty Chemicals,United Kingdom,220892.28,34.3,80.49,10.26,0.013,2.4,0.59,0.199,0.104,0.116,0.95,2/6/2025 8:30,2363.25,502.82,467.09,0.31%
283,LKQ,LKQ Corp,S&P 500,Consumer Cyclical,Auto Parts,USA,11110.03,16.44,23.22,0.91,0.028,3.7,0.93,0.048,0.165,0.169,1.09,4/24/2025 8:30,2548.57,53,42.97,1.01%
284,LLY,Lilly(Eli) & Co,S&P 500,Healthcare,Drug Manufacturers - General,USA,763349.27,70.09,14.98,3.61,0.008,1.74,2.37,0.235,0.028,0.043,0.5,2/6/2025 8:30,3661.45,1025.02,805.23,-2.50%
285,LMT,Lockheed Martin Corp,S&P 500,Industrials,Aerospace & Defense,USA,105603.54,20.15,27.06,10.55,0.030,1.58,3.38,0.075,-0.083,-0.077,0.39,1/28/2025 8:30,1666.2,525.19,448.64,0.43%
286,LNT,Alliant Energy Corp,S&P 500,Utilities,Utilities - Regulated Electric,USA,16536.12,23.98,27.33,0.32,0.032,3.9,1.52,0.173,0.082,0.089,0.52,2/20/2025 16:30,1904.85,65.05,64.42,0.11%
287,LOW,"Lowe's Cos., Inc",S&P 500,Consumer Cyclical,Home Improvement Retail,USA,130976.92,19.17,-25.41,3.81,0.020,3.19,,0.083,-0.058,-0.052,1.06,2/26/2025 8:30,2533.08,280.38,234.01,0.33%
288,LRCX,Lam Research Corp,"NDX, S&P 500",Technology,Semiconductor Equipment & Materials,USA,93489.1,22.13,6.85,4.41,0.012,2.05,0.57,0.265,-0.008,0.008,1.53,1/29/2025 16:30,12487.42,96.88,72.83,0.18%
289,LULU,Lululemon Athletica inc,"NDX, S&P 500",Consumer Cyclical,Apparel Retail,Canada,35164.38,18.99,35.65,15.78,,3.76,0.36,0.171,-0.277,-0.269,1.31,3/27/2025 16:30,1912.22,364.25,279.63,-1.21%
290,LUV,Southwest Airlines Co,S&P 500,Industrials,Airlines,USA,18722.16,44.47,17.44,14.72,0.024,3.25,0.78,0.017,-0.072,-0.060,0.94,4/24/2025 8:30,10841.39,33.05,31.59,-5.93%
291,LVS,Las Vegas Sands Corp,S&P 500,Consumer Cyclical,Resorts & Casinos,USA,28028.85,20,4.03,5.1,0.025,3.52,4.83,0.128,-0.245,-0.238,0.99,1/29/2025 16:30,5567.56,57.87,39.15,1.35%
292,LW,Lamb Weston Holdings Inc,S&P 500,Consumer Defensive,Packaged Foods,USA,7604.18,21.07,11.45,0.55,0.027,2.93,2.52,0.058,-0.204,-0.202,0.47,4/3/2025 8:30,2630.24,65.73,53.31,0.02%
293,LYB,LyondellBasell Industries NV,S&P 500,Basic Materials,Specialty Chemicals,United Kingdom,22654.17,16.91,38.48,10.47,0.077,2.38,1.04,0.034,-0.055,-0.057,0.89,4/25/2025 8:30,2895.28,82.52,70.04,-0.51%
294,LYV,Live Nation Entertainment Inc,S&P 500,Communication Services,Entertainment,USA,30509.23,48.65,0.74,26.42,,5.49,47.74,0.028,0.001,0.019,1.31,2/20/2025 16:30,2440.32,168.16,132.01,1.10%
295,MA,Mastercard Incorporated,S&P 500,Financial,Credit Services,USA,500081.24,39.5,7.1,10.16,0.005,1.93,2.93,0.457,0.031,0.042,1.06,1/30/2025 8:30,2777.29,625.97,548.51,0.07%
296,MAA,"Mid-America Apartment Communities, Inc",S&P 500,Real Estate,REIT - Residential,USA,20093.8,37.35,51.03,0.47,0.036,5.45,0.84,0.239,0.089,0.084,0.79,2/5/2025 16:30,784.09,168.46,167.48,-0.06%
297,MAR,"Marriott International, Inc","NDX, S&P 500",Consumer Cyclical,Lodging,USA,65604.81,28.64,-10.81,1.44,0.011,2.71,,0.095,-0.160,-0.146,1.42,2/11/2025 8:30,1732.64,294.67,238.24,0.02%
298,MAS,Masco Corp,S&P 500,Industrials,Building Products & Equipment,USA,14804.92,18.61,-1.32,2.99,0.018,2.99,,0.105,-0.046,-0.038,1.24,4/23/2025 8:30,1721.62,83.97,69.84,0.43%
299,MCD,McDonald's Corp,"DJIA, S&P 500",Consumer Cyclical,Restaurants,USA,224076.45,27.53,-5.31,1.52,0.023,3.29,,0.317,0.068,0.082,0.62,2/10/2025 8:30,3443.21,331.1,313.63,0.40%
300,MCHP,"Microchip Technology, Inc","NDX, S&P 500",Technology,Semiconductors,USA,26084.22,85.52,11.22,1.09,0.038,2.93,1.12,0.065,-0.169,-0.154,1.5,2/6/2025 16:30,10114.44,66.25,48.5,0.19%
301,MCK,Mckesson Corporation,S&P 500,Healthcare,Medical Distribution,USA,84431.13,30.88,-24.48,10.23,0.004,2.52,,0.008,0.168,0.182,0.49,2/5/2025 16:30,827.89,688.29,673.69,0.10%
302,MCO,Moody's Corp,S&P 500,Financial,Financial Data & Stock Exchanges,USA,84328.52,41.62,19.77,16.53,0.007,3.7,2.17,0.290,-0.017,-0.010,1.38,2/13/2025 8:30,823.63,550.68,468.78,0.66%
303,MDLZ,Mondelez International Inc,"NDX, S&P 500",Consumer Defensive,Confectioners,USA,87506.98,19.75,20.44,1.08,0.028,2.58,0.69,0.127,0.124,0.133,0.48,2/4/2025 16:30,10789.51,67.35,67.65,-0.29%
304,MDT,Medtronic Plc,S&P 500,Healthcare,Medical Devices,Ireland,113492.27,26.9,38.49,6.18,0.031,1.66,0.54,0.128,0.096,0.108,0.81,2/18/2025 8:30,7744.49,95.48,88.49,-1.52%
305,MET,Metlife Inc,S&P 500,Financial,Insurance - Life,USA,55288.47,13.61,39.82,,0.028,1.79,0.7,0.060,-0.013,-0.009,0.88,2/5/2025 16:30,3587.54,98.07,81.16,1.08%
306,META,Meta Platforms Inc,"NDX, S&P 500",Communication Services,Internet Content & Information,USA,1484724.35,24.5,72.07,30.85,0.003,1.5,0.27,0.379,-0.023,0.001,1.28,1/29/2025 16:30,16330.7,760.78,586,1.67%
307,MGM,MGM Resorts International,S&P 500,Consumer Cyclical,Resorts & Casinos,USA,8549.39,12.52,10.27,8.46,,3.2,10.54,0.043,-0.139,-0.136,1.96,2/12/2025 16:30,5335.53,49.14,29.94,1.01%
308,MHK,"Mohawk Industries, Inc",S&P 500,Consumer Cyclical,"Furnishings, Fixtures & Appliances",USA,7198.16,14.14,120.63,10.65,,2.03,0.35,0.048,-0.032,-0.035,1.23,2/6/2025 16:30,779.09,143.06,115.01,0.73%
309,MKC,"McCormick & Co., Inc",S&P 500,Consumer Defensive,Packaged Foods,USA,22054.35,28.24,20.22,0.38,0.022,2.71,0.79,0.117,0.068,0.079,0.75,3/25/2025 8:30,2223.9,86.5,82.25,-0.07%
310,MKTX,MarketAxess Holdings Inc,S&P 500,Financial,Capital Markets,USA,8138.72,29.67,36.89,15.94,0.014,2.05,0.05,0.335,-0.057,-0.045,1.12,2/6/2025 8:30,657.47,230.42,215.92,-0.20%
311,MLM,"Martin Marietta Materials, Inc",S&P 500,Basic Materials,Building Materials,USA,29545.63,14.98,154.65,10.99,0.007,3.17,0.64,0.305,-0.084,-0.062,0.81,2/12/2025 8:30,556.01,625.25,484.56,1.34%
312,MMC,"Marsh & McLennan Cos., Inc",S&P 500,Financial,Insurance Brokers,USA,119836,29.83,27.15,4.88,0.014,2.41,1.64,0.166,0.143,0.149,0.84,4/17/2025 8:30,2078.47,241.11,244,-0.01%
313,MMM,3M Co,"DJIA, S&P 500",Industrials,Conglomerates,USA,79641.14,19.56,7.12,14.33,0.021,2.55,3.56,0.157,0.134,0.144,0.99,1/21/2025 8:30,4169.86,161.07,147.67,0.55%
314,MNST,Monster Beverage Corp,"NDX, S&P 500",Consumer Defensive,Beverages - Non-Alcoholic,USA,57455.3,39.79,6.12,1.58,,3.28,0.07,0.201,0.124,0.123,0.64,2/27/2025 16:30,6374.53,56.57,59.04,0.89%
315,MO,Altria Group Inc,S&P 500,Consumer Defensive,Tobacco,USA,99394,8.98,-1.32,1.85,0.071,4.64,,0.550,0.122,0.124,0.58,1/30/2025 8:30,9027.08,56.64,58.79,-2.05%
316,MOH,Molina Healthcare Inc,S&P 500,Healthcare,Healthcare Plans,USA,17925.69,16.04,80.29,,,2.39,0.71,0.029,0.122,0.126,0.7,4/23/2025 16:30,731.23,337.57,327.71,-0.51%
317,MOS,Mosaic Company,S&P 500,Basic Materials,Agricultural Inputs,USA,8493.97,48.72,36.23,0.91,0.032,1.39,0.39,0.016,0.123,0.090,1.05,2/27/2025 16:30,5755.3,32.14,26.8,-0.78%
318,MPC,Marathon Petroleum Corp,S&P 500,Energy,Oil & Gas Refining & Marketing,USA,45679.84,14.75,56.16,10.3,0.025,3.21,1.62,0.025,0.081,0.051,1.02,2/4/2025 8:30,2858.48,168,146.63,0.65%
319,MPWR,Monolithic Power System Inc,S&P 500,Technology,Semiconductors,USA,27833.12,15.81,65.78,18.03,0.011,2.54,0.01,0.810,-0.051,-0.017,1.21,2/6/2025 16:30,905.36,826,581.48,0.26%
320,MRK,Merck & Co Inc,"DJIA, S&P 500",Healthcare,Drug Manufacturers - General,USA,220068.28,12.94,18.32,5.45,0.038,2.31,0.83,0.268,-0.126,-0.124,0.42,4/24/2025 8:30,16048.87,113.89,87.12,-2.94%
321,MRNA,Moderna Inc,S&P 500,Healthcare,Biotechnology,USA,10478.76,,28.24,18.21,,4.02,0.07,-1.100,-0.323,-0.347,2.23,2/14/2025 8:30,11650.01,50.75,27.16,-4.20%
322,MS,Morgan Stanley,S&P 500,Financial,Capital Markets,USA,186671.9,14.57,58.98,,0.033,2,3.64,0.124,-0.087,-0.079,1.29,4/11/2025 8:30,7228.42,137.84,115.74,-0.80%
323,MSCI,MSCI Inc,S&P 500,Financial,Financial Data & Stock Exchanges,USA,44023.4,40.37,-12.09,5.28,0.012,1.83,,0.388,-0.069,-0.055,1.3,1/29/2025 8:30,562.58,666.43,567.3,0.32%
324,MSFT,Microsoft Corporation,"DJIA, NDX, S&P 500",Technology,Software - Infrastructure,USA,2841193.58,30.78,40.71,9.63,0.009,2.78,0.34,0.354,-0.112,-0.093,1,1/29/2025 16:30,23114.04,501.92,382.19,1.81%
325,MSI,Motorola Solutions Inc,S&P 500,Technology,Communication Equipment,USA,72782.84,47.29,10.19,12.59,0.009,2.36,3.85,0.146,-0.067,-0.057,0.95,2/13/2025 16:30,828.92,522.43,435.99,-0.42%
326,MTB,M & T Bank Corp,S&P 500,Financial,Banks - Regional,USA,28977.94,12.05,160.9,,0.031,3.3,0.49,0.183,-0.068,-0.062,0.57,4/14/2025 8:30,1396.19,215.42,176.37,-1.33%
327,MTCH,Match Group Inc,S&P 500,Communication Services,Internet Content & Information,USA,7865.98,15.51,-0.25,3.88,0.014,2.55,,0.158,-0.053,-0.040,1.4,2/4/2025 16:30,5044.95,36.5,31.41,0.67%
328,MTD,"Mettler-Toledo International, Inc",S&P 500,Healthcare,Diagnostics & Research,USA,24100.06,28.54,-6.06,2.85,,2.54,,0.223,-0.063,-0.055,1.28,2/6/2025 16:30,137.35,1409.91,1156.38,-2.08%
329,MU,Micron Technology Inc,"NDX, S&P 500",Technology,Semiconductors,USA,99139.77,21.32,43.5,7.35,0.006,1.35,0.31,0.149,0.001,0.054,1.18,3/20/2025 16:30,22830.3,128.63,88.71,2.09%
330,NCLH,Norwegian Cruise Line Holdings Ltd,S&P 500,Consumer Cyclical,Travel Services,USA,8385.34,10.75,3.24,0.43,,2.09,9.76,0.096,-0.260,-0.259,2.27,2/27/2025 8:30,11983.6,29.26,19.06,0.53%
331,NDAQ,Nasdaq Inc,S&P 500,Financial,Financial Data & Stock Exchanges,USA,43734.05,39.43,19.46,1.08,0.014,1.95,0.89,0.151,-0.030,-0.016,1.03,4/24/2025 8:30,2854.87,90.76,76.04,0.24%
332,NDSN,Nordson Corp,S&P 500,Industrials,Specialty Industrial Machinery,USA,11436.42,25.59,50.55,2.29,0.016,4.2,0.8,0.169,-0.049,-0.040,0.96,2/19/2025 16:30,343.44,253.57,200.95,-0.38%
333,NEE,NextEra Energy Inc,S&P 500,Utilities,Utilities - Regulated Electric,USA,145884.31,21.02,24.36,0.75,0.032,3.57,1.65,0.285,-0.017,-0.011,0.58,1/24/2025 8:30,11732.68,86,70.92,0.04%
334,NEM,Newmont Corp,S&P 500,Basic Materials,Gold,USA,54435.26,16.53,26.56,3.23,0.021,2.1,0.3,0.179,0.276,0.297,0.56,2/20/2025 16:30,10286.87,53.26,48.29,0.02%
335,NFLX,Netflix Inc,"NDX, S&P 500",Communication Services,Entertainment,USA,397121.12,46.82,57.84,22.41,,1.77,0.73,0.224,0.023,0.042,1.55,4/17/2025 16:30,4593.78,1088.61,928.38,-0.45%
336,NI,NiSource Inc,S&P 500,Utilities,Utilities - Regulated Gas,USA,18985.56,24.96,18.48,0.42,0.028,1.93,1.61,0.135,0.099,0.099,0.48,2/12/2025 8:30,4513.49,42.7,40.4,0.77%
337,NKE,"Nike, Inc","DJIA, S&P 500",Consumer Cyclical,Footwear & Accessories,USA,95788.86,21.55,9.47,7.03,0.023,2.45,0.85,0.094,-0.153,-0.144,1.15,3/20/2025 16:30,14944.72,79.9,64.76,2.02%
338,NOC,Northrop Grumman Corp,S&P 500,Industrials,Aerospace & Defense,USA,74274.13,18.06,105.48,30.07,0.017,2.23,1.2,0.102,0.089,0.093,0.19,4/22/2025 8:30,1015.23,547.8,513.1,0.21%
339,NOW,ServiceNow Inc,S&P 500,Technology,Software - Application,USA,168154.73,118.64,46.54,27.84,,2.24,0.24,0.130,-0.250,-0.235,1.08,1/29/2025 16:30,1830.39,1149,811.56,1.94%
340,NRG,NRG Energy Inc,S&P 500,Utilities,Utilities - Independent Power Producers,USA,20067.31,19.52,9.2,4.78,0.018,2.3,4.44,0.038,0.072,0.092,1.1,2/26/2025 8:30,3234.63,126.38,98.53,3.22%
341,NSC,Norfolk Southern Corp,S&P 500,Industrials,Railroads,USA,53576.57,20.46,63.21,7.25,0.023,2.31,1.26,0.216,0.006,0.008,1.3,1/29/2025 8:30,1234.15,277.83,236.61,-0.10%
342,NTAP,Netapp Inc,S&P 500,Technology,Computer Hardware,USA,18468.65,16.56,4.9,10.96,0.023,3.06,2.26,0.175,-0.235,-0.229,1.3,2/27/2025 16:30,2034.52,120.57,89.49,1.88%
343,NTRS,Northern Trust Corp,S&P 500,Financial,Asset Management,USA,19097.47,10.02,60.74,,0.031,2.63,1.3,0.128,-0.057,-0.044,1.11,4/22/2025 8:30,1280.98,115.57,97.95,-0.71%
344,NUE,Nucor Corp,S&P 500,Basic Materials,Steel,USA,27611.08,14.24,87.17,17.94,0.018,1.57,0.35,0.066,0.020,0.025,1.68,4/28/2025 16:30,2920.19,154.2,119.66,-0.57%
345,NVDA,NVIDIA Corp,"DJIA, NDX, S&P 500",Technology,Semiconductors,USA,2687660.03,37.47,3.24,1.77,0.000,0.92,0.13,0.559,-0.196,-0.180,1.96,2/26/2025 16:30,281460.69,174.19,110.15,1.63%
346,NVR,NVR Inc,S&P 500,Consumer Cyclical,Residential Construction,USA,21417.27,14.21,1449.28,897.5,,2.86,0.24,0.163,-0.121,-0.118,1.07,1/28/2025 8:30,27.78,8923.33,7213.62,-0.42%
347,NWS,News Corp,S&P 500,Communication Services,Entertainment,USA,15993.4,41.77,14.35,3.39,0.007,6.77,0.36,0.042,-0.016,-0.005,1.27,2/5/2025 16:30,858.25,37,30.28,-0.30%
348,NWSA,News Corp,S&P 500,Communication Services,Entertainment,USA,15911.29,37.24,14.35,3.03,0.008,2.02,0.36,0.042,-0.028,-0.020,1.25,2/5/2025 16:30,3261.08,37.88,27,-0.81%
349,NXPI,NXP Semiconductors NV,"NDX, S&P 500",Technology,Semiconductors,Netherlands,48187.82,19.54,36.11,12.98,0.023,2.89,1.21,0.199,-0.111,-0.086,1.41,4/28/2025 16:30,2966.18,252,190,-0.03%
350,O,Realty Income Corp,S&P 500,Real Estate,REIT - Retail,USA,50964.66,58.48,43.57,0.5,0.056,3.69,0.73,0.160,0.085,0.070,0.79,2/24/2025 16:30,5370.83,60.95,57.15,-1.48%
351,ODFL,"Old Dominion Freight Line, Inc","NDX, S&P 500",Industrials,Trucking,USA,35514.15,30.51,19.93,0.51,0.007,6.11,0.04,0.204,-0.073,-0.053,1.26,4/23/2025 8:30,1778.53,195.1,167.09,0.99%
352,OKE,Oneok Inc,S&P 500,Energy,Oil & Gas Midstream,USA,62121.78,19.23,29.22,1.17,0.042,2.44,1.9,0.140,-0.013,-0.009,1.17,2/24/2025 16:30,4005.12,113.06,99.5,0.28%
353,OMC,"Omnicom Group, Inc",S&P 500,Communication Services,Advertising Agencies,USA,15674.06,10.71,21.35,22.08,0.038,5.93,1.64,0.094,-0.078,-0.073,0.89,2/4/2025 16:30,3381.62,104.25,79.77,-3.79%
354,ON,ON Semiconductor Corp,"NDX, S&P 500",Technology,Semiconductors,USA,16941.12,11.06,20.8,7.1,,3.15,0.41,0.222,-0.391,-0.362,1.47,2/10/2025 8:30,9364.08,59.25,40.2,-1.20%
355,ORCL,Oracle Corp,S&P 500,Technology,Software - Infrastructure,USA,398032.96,33.35,5.97,6.36,0.011,1.89,5.75,0.218,-0.160,-0.148,1.22,3/10/2025 16:30,11961.88,187.88,141.94,1.52%
356,ORLY,"O'Reilly Automotive, Inc","NDX, S&P 500",Consumer Cyclical,Specialty Retail,USA,81956.97,35.21,-23.85,2.28,,2.28,,0.143,0.196,0.208,0.79,2/5/2025 16:30,351.97,1447.76,1431.8,-0.05%
357,OTIS,Otis Worldwide Corp,S&P 500,Industrials,Specialty Industrial Machinery,USA,41261.72,25.57,-12.19,5.85,0.016,3.13,,0.115,0.113,0.124,0.9,1/29/2025 8:30,2294.77,102.75,104.06,0.83%
358,OXY,Occidental Petroleum Corp,S&P 500,Energy,Oil & Gas E&P,USA,46227.91,20.08,27.57,2.28,0.019,3.9,0.79,0.087,0.013,-0.005,1.03,2/18/2025 16:30,11278.73,59.19,49.19,-0.34%
359,PANW,Palo Alto Networks Inc,"NDX, S&P 500",Technology,Software - Infrastructure,USA,113424.35,96.78,9.65,4.9,,4.33,0.14,0.146,-0.080,-0.059,1.07,2/13/2025 16:30,5682.18,215.17,171.31,0.39%
360,PARA,Paramount Global,S&P 500,Communication Services,Entertainment,USA,8298.17,,24.32,3.76,0.017,7.93,0.97,-0.212,0.128,0.121,1.33,2/26/2025 16:30,9307.31,11.88,11.73,-1.92%
361,PAYC,Paycom Software Inc,S&P 500,Technology,Software - Application,USA,12649.78,24.82,28.19,7.02,0.003,3.08,0.05,0.267,0.069,0.078,0.97,2/12/2025 16:30,650.51,226.14,220.9,1.11%
362,PAYX,Paychex Inc,"NDX, S&P 500",Technology,Software - Application,USA,55681.87,32.15,11.43,4.58,0.025,6.92,0.21,0.320,0.094,0.103,0.88,3/26/2025 8:30,2053.23,146.38,154.59,0.20%
363,PCAR,Paccar Inc,"NDX, S&P 500",Industrials,Farm & Heavy Construction Machinery,USA,51595.84,12.43,33.38,18.74,0.041,3.7,0.91,0.124,-0.060,-0.055,0.95,1/28/2025 8:30,2684.59,113.6,98.29,0.94%
364,PCG,PG&E Corp,S&P 500,Utilities,Utilities - Regulated Electric,USA,37883.07,14.97,13.02,0.55,0.006,1.89,1.94,0.101,-0.143,-0.144,0.7,4/24/2025 8:30,23630.91,20.73,17.27,0.52%
365,PEG,Public Service Enterprise Group Inc,S&P 500,Utilities,Utilities - Regulated Electric,USA,41510.23,23.49,32.36,0.27,0.031,2.58,1.42,0.173,-0.020,-0.015,0.54,2/25/2025 8:30,2795.7,89.63,83.26,1.17%
366,PEP,PepsiCo Inc,"NDX, S&P 500",Consumer Defensive,Beverages - Non-Alcoholic,USA,205272.39,21.54,13.15,6.76,0.037,2.63,2.65,0.104,-0.021,-0.016,0.5,4/24/2025 8:30,7249.46,162.1,149.67,-0.18%
367,PFE,Pfizer Inc,S&P 500,Healthcare,Drug Manufacturers - General,USA,139177.51,17.43,15.56,3.61,0.069,2.19,0.76,0.126,-0.078,-0.075,0.64,2/4/2025 8:30,45318.85,30.39,24.54,-3.16%
368,PFG,Principal Financial Group Inc,S&P 500,Financial,Asset Management,USA,19207.4,12.75,49.01,,0.036,3.31,0.39,0.097,0.096,0.100,1.01,2/6/2025 16:30,1490.07,87.86,85.15,0.92%
369,PG,Procter & Gamble Co,"DJIA, S&P 500",Consumer Defensive,Household & Personal Products,USA,399937.92,27.17,21.49,4.36,0.024,2.31,0.68,0.180,0.006,0.017,0.42,4/24/2025 8:30,7805,181.8,170.56,0.08%
370,PGR,Progressive Corp,S&P 500,Financial,Insurance - Property & Casualty,USA,166653,19.71,43.67,,0.013,2.3,0.28,0.112,0.202,0.209,0.38,4/16/2025 8:30,2949.99,296.94,284.29,0.45%
371,PH,Parker-Hannifin Corp,S&P 500,Industrials,Specialty Industrial Machinery,USA,78528.53,25.23,101.88,3.07,0.011,1.65,0.69,0.159,-0.053,-0.041,1.38,1/30/2025 8:30,784.13,769.84,609.86,0.33%
372,PHM,PulteGroup Inc,S&P 500,Consumer Cyclical,Residential Construction,USA,20771.36,7,59.74,8.2,0.008,2.15,0.19,0.172,-0.059,-0.054,1.45,4/22/2025 8:30,2294.73,136.46,103.04,0.23%
373,PKG,Packaging Corp Of America,S&P 500,Consumer Cyclical,Packaging & Containers,USA,17953.96,22.4,49.04,8.76,0.025,1.2,0.63,0.095,-0.120,-0.112,0.86,4/22/2025 16:30,948.04,245.57,199.93,0.96%
374,PLD,Prologis Inc,S&P 500,Real Estate,REIT - Industrial,USA,105900.79,28.28,58.18,1.39,0.036,3.2,0.62,0.454,0.059,0.054,1.22,4/16/2025 8:30,3957.88,130.1,111.45,-0.30%
375,PLTR,Palantir Technologies Inc,"NDX, S&P 500",Technology,Software - Infrastructure,USA,198604.81,447.81,2.14,2.23,,0.61,0.05,0.161,0.071,0.120,2.74,2/3/2025 16:30,98965.64,94.16,84.68,0.33%
376,PM,Philip Morris International Inc,S&P 500,Consumer Defensive,Tobacco,USA,245807.38,34.97,-7.56,2.74,0.035,2.18,,0.187,0.302,0.314,0.49,4/23/2025 8:30,6094.92,151.5,158.09,-0.40%
377,PNC,PNC Financial Services Group Inc,S&P 500,Financial,Banks - Regional,USA,69113.71,12.7,122.94,,0.038,1.9,1.19,0.162,-0.096,-0.094,1.04,4/15/2025 8:30,2324.55,211.82,174.64,-0.64%
378,PNR,Pentair plc,S&P 500,Industrials,Specialty Industrial Machinery,United Kingdom,14523.93,23.52,21.62,0.72,0.011,1.52,0.5,0.153,-0.130,-0.125,1.13,2/4/2025 8:30,1513.89,113.28,88.04,0.64%
379,PNW,Pinnacle West Capital Corp,S&P 500,Utilities,Utilities - Regulated Electric,USA,11361.52,18.25,56.71,0.12,0.038,3.52,1.64,0.119,0.122,0.124,0.42,2/25/2025 8:30,1079.51,98,95.28,0.03%
380,PODD,Insulet Corporation,S&P 500,Healthcare,Medical Devices,USA,18482.11,45.47,17.26,13.58,,3.97,1.17,0.202,-0.007,0.008,1.3,2/20/2025 16:30,726.52,324.38,263.18,0.22%
381,POOL,Pool Corporation,S&P 500,Industrials,Industrial Distribution,USA,11971.38,28.18,33.79,2.07,0.016,7.48,1,0.081,-0.078,-0.067,1.13,2/20/2025 8:30,399.1,362.64,318.13,-0.07%
382,PPG,"PPG Industries, Inc",S&P 500,Basic Materials,Specialty Chemicals,USA,24728.91,18.32,29.51,5.98,0.026,1.92,0.94,0.081,-0.095,-0.088,1.15,1/30/2025 16:30,2206,132.48,108.95,-0.37%
383,PPL,PPL Corp,S&P 500,Utilities,Utilities - Regulated Electric,USA,26622.89,30.11,19.07,0.46,0.030,4.12,1.19,0.105,0.109,0.111,0.67,2/13/2025 8:30,5014.66,37,36.06,-0.14%
384,PRU,Prudential Financial Inc,S&P 500,Financial,Insurance - Life,USA,39538.26,14.94,78.61,,0.048,3.38,1.03,0.038,-0.062,-0.058,1.09,2/4/2025 16:30,1795.41,125.29,111.69,0.01%
385,PSA,Public Storage,S&P 500,Real Estate,REIT - Industrial,USA,52424.68,28.09,30.57,2.55,0.042,4.53,0.96,0.399,0.003,-0.002,0.78,2/24/2025 16:30,721.11,333.53,298.86,-0.14%
386,PSX,Phillips 66,S&P 500,Energy,Oil & Gas Refining & Marketing,USA,50697.29,25.22,67.11,4.26,0.038,2.2,0.78,0.015,0.104,0.092,1.16,1/31/2025 8:30,3552.7,141,124.35,0.70%
387,PTC,PTC Inc,S&P 500,Technology,Software - Application,USA,18794.53,48.18,26.87,1.64,,2.26,0.53,0.170,-0.153,-0.151,1.17,2/5/2025 16:30,1100.1,215.5,156.2,0.81%
388,PWR,"Quanta Services, Inc",S&P 500,Industrials,Engineering & Construction,USA,38220.35,42.83,49.55,5.02,0.002,2.72,0.61,0.038,-0.202,-0.184,1.04,2/20/2025 8:30,1722.5,341.75,257.9,1.46%
389,PYPL,PayPal Holdings Inc,"NDX, S&P 500",Financial,Credit Services,USA,65388.92,16.53,20.56,10.94,,2.71,0.58,0.131,-0.239,-0.226,1.61,2/4/2025 8:30,11756.85,92.85,66.1,1.30%
390,QCOM,"Qualcomm, Inc","NDX, S&P 500",Technology,Semiconductors,USA,169273.3,16.36,24.3,12.93,0.024,2.66,0.54,0.259,-0.027,-0.004,1.29,2/5/2025 16:30,7767.89,199.95,153.05,-0.36%
391,RCL,Royal Caribbean Group,S&P 500,Consumer Cyclical,Travel Services,USA,56011.07,19.74,28.13,1.44,0.011,4.56,2.75,0.175,-0.106,-0.098,2.27,1/28/2025 8:30,2749.37,283.52,208.12,1.30%
392,REG,Regency Centers Corporation,S&P 500,Real Estate,REIT - Retail,USA,13435.56,34.84,35.93,0.34,0.039,5.17,0.75,0.266,-0.005,-0.005,1.04,2/6/2025 16:30,1020.33,79.88,73.57,-0.26%
393,REGN,"Regeneron Pharmaceuticals, Inc","NDX, S&P 500",Healthcare,Biotechnology,USA,67453.33,16.12,267.82,82.44,0.005,3.45,0.1,0.311,-0.134,-0.134,0.44,2/4/2025 8:30,942.88,937.05,617,-2.72%
394,RF,Regions Financial Corp,S&P 500,Financial,Banks - Regional,USA,19530.89,11.16,17.79,,0.048,5.09,0.39,0.190,-0.091,-0.083,1.03,4/17/2025 8:30,8663.43,26.18,21.57,-0.74%
395,RJF,"Raymond James Financial, Inc",S&P 500,Financial,Asset Management,USA,28298.07,13.49,57.89,67.56,0.013,4.38,0.37,0.141,-0.120,-0.111,0.96,4/23/2025 16:30,1433.21,178.17,138.1,-0.58%
396,RL,Ralph Lauren Corp,S&P 500,Consumer Cyclical,Apparel Manufacturing,USA,14143.35,20.87,41.09,34.71,0.014,2.69,1.06,0.101,-0.003,-0.009,1.4,2/6/2025 8:30,900.89,306.2,228.92,3.71%
397,RMD,Resmed Inc,S&P 500,Healthcare,Medical Instruments & Supplies,USA,32648.52,26.26,35.77,3.55,0.010,9.15,0.16,0.254,-0.047,-0.028,0.75,1/30/2025 16:30,953.73,271.78,222.3,-0.69%
398,ROK,Rockwell Automation Inc,S&P 500,Industrials,Specialty Industrial Machinery,USA,29256.49,32.2,29.93,4.22,0.020,3.17,1.19,0.113,-0.109,-0.095,1.39,2/10/2025 8:30,861.07,312.25,258.74,0.14%
399,ROL,"Rollins, Inc",S&P 500,Consumer Cyclical,Personal Services,USA,26368.72,56.45,2.75,0.19,0.012,3.36,0.61,0.138,0.165,0.173,0.8,2/12/2025 16:30,1815.75,51.67,54.36,0.61%
400,ROP,Roper Technologies Inc,"NDX, S&P 500",Technology,Software - Application,USA,63441.03,41.19,175.84,1.75,0.005,2.27,0.41,0.220,0.128,0.136,1.04,1/30/2025 8:30,646.38,644.31,590.78,0.20%
401,ROST,"Ross Stores, Inc","NDX, S&P 500",Consumer Cyclical,Apparel Retail,USA,42597.16,20.42,15.94,14.39,0.013,1.69,1.03,0.099,-0.156,-0.147,1.12,3/4/2025 16:30,2919.3,158.95,129.11,1.03%
402,RSG,"Republic Services, Inc",S&P 500,Industrials,Waste Management,USA,76110.08,37.55,36.55,0.24,0.010,2.19,1.14,0.127,0.201,0.212,0.62,2/13/2025 16:30,1083.49,246,243.72,0.64%
403,RTX,RTX Corp,S&P 500,Industrials,Aerospace & Defense,USA,177366.69,37.39,45.16,4.18,0.020,2.07,0.72,0.059,0.138,0.148,0.65,1/28/2025 8:30,5048.98,144.62,132.85,0.29%
404,RVTY,Revvity Inc,S&P 500,Healthcare,Diagnostics & Research,USA,12532.56,43.3,63.55,9.69,0.003,5.4,0.43,0.107,-0.069,-0.065,1.07,1/31/2025 8:30,958.87,136.35,104.31,-1.41%
405,SBAC,SBA Communications Corp,S&P 500,Real Estate,REIT - Specialty,USA,23720.55,31.78,-47.51,15.34,0.020,2.42,,0.280,0.085,0.082,0.83,2/24/2025 16:30,838.79,249.19,220.42,0.19%
406,SBUX,Starbucks Corp,"NDX, S&P 500",Consumer Cyclical,Restaurants,USA,111579.46,31.74,-6.58,3.48,0.025,3.48,,0.097,0.065,0.077,1,1/28/2025 16:30,9886.72,107.93,98.23,0.14%
407,SCHW,Charles Schwab Corp,S&P 500,Financial,Capital Markets,USA,144812.71,26,22.01,38.54,0.014,1.48,0.95,0.211,0.039,0.050,0.9,4/17/2025 8:30,11457.31,89.32,77.67,-0.78%
408,SHW,Sherwin-Williams Co,"DJIA, S&P 500",Basic Materials,Specialty Chemicals,USA,88171.92,33.24,16.12,0.84,0.009,3.14,3.18,0.116,0.021,0.031,1.26,1/30/2025 8:30,1842.1,394.57,350.57,0.40%
409,SJM,J.M. Smucker Co,S&P 500,Consumer Defensive,Packaged Foods,USA,12612.5,,64.91,0.44,0.036,3.33,1.16,-0.029,0.071,0.076,0.34,2/27/2025 8:30,1277.08,118.86,118.52,0.09%
410,SLB,Schlumberger Ltd,S&P 500,Energy,Oil & Gas Equipment & Services,USA,57385.89,13.58,15.08,3.43,0.027,4.53,0.6,0.123,0.116,0.101,1.12,4/25/2025 8:30,15425.29,52.15,42.2,0.96%
411,SMCI,Super Micro Computer Inc,S&P 500,Technology,Computer Hardware,USA,20801.52,15.29,10.51,2.41,,1.56,0.31,0.072,0.096,0.150,1.22,2/25/2025 16:30,73824.79,49,35.05,2.37%
412,SNA,"Snap-on, Inc",S&P 500,Industrials,Tools & Accessories,USA,17800.02,17.41,102.98,25.95,0.026,5.24,0.24,0.204,-0.012,0.000,0.83,2/6/2025 8:30,403.68,349.83,339.58,0.76%
413,SNPS,"Synopsys, Inc","NDX, S&P 500",Technology,Software - Infrastructure,USA,67405.08,32.23,60.18,24.66,,3.23,0.07,0.348,-0.112,-0.102,1.23,2/26/2025 16:30,1224.69,630.05,435.94,1.65%
414,SO,Southern Company,S&P 500,Utilities,Utilities - Regulated Electric,USA,100708.38,23.01,30.27,0.98,0.032,4.25,2,0.165,0.104,0.115,0.37,2/20/2025 8:30,5124.63,92.86,91.82,-0.14%
415,SOLV,Solventum Corp,S&P 500,Healthcare,Medical Instruments & Supplies,USA,13207.04,27.67,17.13,4.4,,3.93,2.77,0.058,0.144,0.156,0.32,2/27/2025 16:30,1103.38,81.14,76.34,0.39%
416,SPG,"Simon Property Group, Inc",S&P 500,Real Estate,REIT - Retail,USA,62761.03,22.06,8.89,3.71,0.051,3.37,8.43,0.419,-0.032,-0.033,1.48,2/4/2025 16:30,1540.76,191.82,166.47,0.23%
417,SPGI,S&P Global Inc,S&P 500,Financial,Financial Data & Stock Exchanges,USA,160303.5,41.36,105.27,5.37,0.008,2.26,0.36,0.271,0.018,0.026,1.26,2/11/2025 8:30,1399.25,608.19,510.78,0.53%
418,SRE,Sempra,S&P 500,Utilities,Utilities - Diversified,USA,46618.28,16.2,46.62,2.43,0.037,1.25,1.16,0.217,-0.185,-0.184,0.66,2/25/2025 8:30,5506.72,80.58,71.56,0.28%
419,STE,Steris Plc,S&P 500,Healthcare,Medical Devices,Ireland,22177.17,47.87,65.31,1.58,0.010,2.16,0.36,0.087,0.085,0.098,0.87,2/5/2025 16:30,533.15,257.6,225.72,-0.41%
420,STLD,Steel Dynamics Inc,S&P 500,Basic Materials,Steel,USA,18587.2,12.67,59.12,4.92,0.016,1.42,0.37,0.088,0.071,0.087,1.36,4/22/2025 16:30,1903.43,148.27,124,-0.86%
421,STT,State Street Corp,S&P 500,Financial,Asset Management,USA,25621.83,10.79,77.95,,0.035,1.77,1.49,0.117,-0.099,-0.095,1.44,1/17/2025 8:30,2074.24,111.18,88.82,-0.79%
422,STX,Seagate Technology Holdings Plc,S&P 500,Technology,Computer Hardware,USA,17897.74,15.47,-5.1,5.86,0.034,5.75,,0.147,-0.033,-0.021,1.24,1/21/2025 16:30,3265.46,119.11,84.54,-0.48%
423,STZ,Constellation Brands Inc,S&P 500,Consumer Defensive,Beverages - Brewers,USA,33400.26,49.48,43.26,0.41,0.022,1.32,1.55,0.067,-0.170,-0.164,0.79,4/9/2025 16:30,2828.94,225.26,184.81,0.70%
424,SW,Smurfit WestRock plc,S&P 500,Consumer Cyclical,Packaging & Containers,Ireland,23738.03,37.34,33.49,1.64,0.035,4.03,0.84,0.015,-0.161,-0.153,1,4/4/2025 8:30,3712.57,61.14,45.62,1.24%
425,SWK,Stanley Black & Decker Inc,S&P 500,Industrials,Tools & Accessories,USA,11766.49,40.33,56.49,1.89,0.042,4.46,0.76,0.019,-0.055,-0.052,1.14,2/5/2025 8:30,1795.25,98.14,76.14,-0.96%
426,SWKS,"Skyworks Solutions, Inc",S&P 500,Technology,Semiconductors,USA,10387.08,19.8,39.83,10.82,0.044,3.93,0.19,0.130,-0.283,-0.271,1.21,2/5/2025 16:30,3516.35,68.62,64.62,-0.02%
427,SYF,Synchrony Financial,S&P 500,Financial,Credit Services,USA,20704.8,6.24,39.56,37.84,0.020,2.99,0.93,0.165,-0.192,-0.181,1.45,1/28/2025 8:30,4237.48,75.95,53.26,0.60%
428,SYK,Stryker Corp,S&P 500,Healthcare,Medical Devices,USA,142484.44,48.08,54.1,11.77,0.009,3.63,0.68,0.133,0.017,0.037,0.94,1/28/2025 16:30,1462.31,430,373.3,0.28%
429,SYY,Sysco Corp,S&P 500,Consumer Defensive,Food Distribution,USA,36897.7,19.38,4.11,1.62,0.027,3.39,6.8,0.024,-0.020,-0.014,0.91,1/28/2025 8:30,3675.86,84.07,75.42,0.51%
430,T,"AT&T, Inc",S&P 500,Communication Services,Telecom Services,USA,204434.65,19.09,14.54,0.47,0.039,2.38,1.38,0.088,0.246,0.251,0.4,4/23/2025 8:30,42127.37,27.79,28.48,0.71%
431,TAP,Molson Coors Beverage Company,S&P 500,Consumer Defensive,Beverages - Brewers,USA,12404.66,11.45,64.43,4.79,0.030,5.72,0.49,0.097,0.059,0.068,0.7,2/13/2025 8:30,2229.9,65.9,61.24,0.61%
432,TDG,Transdigm Group Incorporated,S&P 500,Industrials,Aerospace & Defense,USA,78374.84,49.3,-111.59,43.84,,4.73,,0.202,0.083,0.103,1.08,2/4/2025 8:30,258.16,1521.5,1397.44,1.02%
433,TDY,Teledyne Technologies Inc,S&P 500,Technology,Scientific & Technical Instruments,USA,23340.43,28.93,204.45,13.87,,1.52,0.29,0.144,0.057,0.074,1.03,1/22/2025 8:30,266.38,578.9,498.33,0.12%
434,TECH,Bio-Techne Corp,S&P 500,Healthcare,Biotechnology,USA,9066.33,58.29,13.16,1.12,0.005,3.96,0.19,0.132,-0.214,-0.204,1.45,2/5/2025 8:30,1583.77,84,57.35,-2.18%
435,TEL,TE Connectivity plc,S&P 500,Technology,Electronic Components,Ireland,41978.29,22.46,41.53,4.2,0.019,1.87,0.34,0.121,-0.030,-0.016,1.24,1/22/2025 8:30,1719.73,174.76,140.7,-0.44%
436,TER,"Teradyne, Inc",S&P 500,Technology,Semiconductor Equipment & Materials,USA,13359.59,24.9,17.43,3.71,0.006,1.92,0.03,0.193,-0.357,-0.344,1.65,1/29/2025 16:30,3067.18,114.36,82.61,0.01%
437,TFC,Truist Financial Corporation,S&P 500,Financial,Banks - Regional,USA,53547.13,12.32,43.9,,0.051,3.19,1.03,0.183,-0.061,-0.054,0.89,4/17/2025 8:30,8073.98,49.74,41.02,-0.32%
438,TGT,Target Corp,S&P 500,Consumer Defensive,Discount Stores,USA,47575.85,11.79,32.19,10.45,0.042,2.14,1.36,0.038,-0.229,-0.228,1.28,3/4/2025 8:30,6733.75,133.1,104.43,0.07%
439,TJX,"TJX Companies, Inc",S&P 500,Consumer Cyclical,Apparel Retail,USA,137956.66,28.81,7.27,4.75,0.014,2.77,1.52,0.086,-0.010,0.016,0.86,2/26/2025 8:30,4873.36,139.63,122.72,0.76%
440,TKO,TKO Group Holdings Inc,S&P 500,Communication Services,Entertainment,USA,26187.41,,50.38,3.07,0.009,4.37,0.74,0.003,0.062,0.077,0.91,2/26/2025 16:30,1692.14,169.94,152.99,0.12%
441,TMO,Thermo Fisher Scientific Inc,S&P 500,Healthcare,Diagnostics & Research,USA,182205.85,29.23,130.22,14.79,0.003,2.2,0.66,0.148,-0.082,-0.072,0.87,1/30/2025 8:30,1936.29,665.65,482.97,-2.94%
442,TMUS,T-Mobile US Inc,"NDX, S&P 500",Communication Services,Telecom Services,USA,306604.21,27.75,53.94,4.94,0.014,3.78,1.85,0.139,0.204,0.217,0.63,4/24/2025 16:30,3973.69,267.3,268.54,0.69%
443,TPL,Texas Pacific Land Corporation,S&P 500,Energy,Oil & Gas E&P,USA,31094.75,68.6,49.3,16.09,0.004,10.57,0,0.643,0.181,0.223,1.45,2/19/2025 16:30,130.4,1300,1352.84,2.10%
444,TPR,Tapestry Inc,S&P 500,Consumer Cyclical,Luxury Goods,USA,15089.36,21.16,6.46,4.85,0.019,3.87,3.07,0.117,0.107,0.116,1.39,2/6/2025 8:30,5544.79,92.44,72.89,3.52%
445,TRGP,Targa Resources Corp,S&P 500,Energy,Oil & Gas Midstream,USA,44290.94,35.29,11.9,1,0.020,2.52,5.5,0.076,0.145,0.138,1.75,2/20/2025 8:30,1639.11,224.07,203.07,1.30%
446,TRMB,Trimble Inc,S&P 500,Technology,Scientific & Technical Instruments,USA,16069.89,10.72,23.9,3.01,,2.72,0.26,0.408,-0.082,-0.075,1.58,2/19/2025 8:30,1580.16,89.38,65.38,-0.41%
447,TROW,T. Rowe Price Group Inc,S&P 500,Financial,Asset Management,USA,20506.31,10.08,46.4,11.92,0.055,6.5,0.03,0.288,-0.202,-0.184,1.53,2/5/2025 8:30,1790.51,106.69,92.27,0.44%
448,TRV,Travelers Companies Inc,"DJIA, S&P 500",Financial,Insurance - Property & Casualty,USA,59978.25,12.32,122.97,,0.016,2.62,0.3,0.107,0.096,0.098,0.49,4/16/2025 8:30,1390.33,276.8,264.54,0.03%
449,TSCO,Tractor Supply Co,S&P 500,Consumer Cyclical,Specialty Retail,USA,29307.96,27.02,4.27,0.47,0.017,6.75,2.39,0.074,0.010,0.039,0.87,1/30/2025 8:30,5206.41,58.61,55.13,0.05%
450,TSLA,Tesla Inc,"NDX, S&P 500",Consumer Cyclical,Auto Manufacturers,USA,863506.15,131.71,22.67,11.52,,0.84,0.19,0.073,-0.378,-0.335,2.58,1/29/2025 16:30,96910.48,358.24,268.46,3.59%
451,TSN,"Tyson Foods, Inc",S&P 500,Consumer Defensive,Farm Products,USA,22037.6,20.88,52.99,6.57,0.032,2.4,0.53,0.020,0.089,0.099,0.62,2/3/2025 8:30,2504.66,65,63.11,-1.10%
452,TT,Trane Technologies plc,S&P 500,Industrials,Building Products & Equipment,Ireland,76629.01,30.37,33.22,7.09,0.010,2.26,0.72,0.129,-0.085,-0.075,1.09,1/30/2025 8:30,1631.66,417.07,341.65,1.40%
453,TTWO,"Take-Two Interactive Software, Inc","NDX, S&P 500",Communication Services,Electronic Gaming & Multimedia,USA,37087.04,,32.32,6.94,,4.58,0.72,-0.671,0.127,0.142,1.01,2/6/2025 16:30,1763.6,224.18,210.13,1.39%
454,TXN,Texas Instruments Inc,"NDX, S&P 500",Technology,Semiconductors,USA,161956.27,34.25,18.55,8.33,0.031,2.71,0.85,0.305,-0.069,-0.051,0.98,1/23/2025 16:30,6527.15,205.19,177.99,-0.95%
455,TXT,Textron Inc,S&P 500,Industrials,Aerospace & Defense,USA,13105.76,16.7,39.37,7.93,0.001,2.94,0.55,0.060,-0.065,-0.057,1.06,4/24/2025 8:30,1453.91,90.36,72.16,-0.12%
456,TYL,"Tyler Technologies, Inc",S&P 500,Technology,Software - Application,USA,25196.76,96.71,78.87,17.82,,3.97,0.19,0.123,-0.004,0.014,0.84,2/12/2025 16:30,262,711.25,584.53,0.54%
457,UAL,United Airlines Holdings Inc,S&P 500,Industrials,Airlines,USA,22324.56,7.23,38.66,44.25,,2.09,2.65,0.055,-0.316,-0.298,1.2,1/21/2025 16:30,7830.2,122.46,68.2,-1.23%
458,UBER,Uber Technologies Inc,S&P 500,Technology,Software - Application,USA,152640.92,15.92,10.23,3.6,,2.38,0.53,0.224,0.194,0.210,1.37,2/5/2025 8:30,24019.43,90.18,72.99,0.18%
459,UDR,UDR Inc,S&P 500,Real Estate,REIT - Residential,USA,14957.29,175.62,10.28,0.11,0.039,3.41,1.75,0.051,0.041,0.041,0.77,2/5/2025 16:30,2048.17,46.38,45.17,0.00%
460,UHS,"Universal Health Services, Inc",S&P 500,Healthcare,Medical Care Facilities,USA,12205.65,11.16,102.59,1.94,0.004,3.53,0.74,0.072,0.041,0.047,1.21,2/26/2025 16:30,790.61,230.06,187.81,-0.05%
461,ULTA,Ulta Beauty Inc,S&P 500,Consumer Cyclical,Specialty Retail,USA,16941.67,14.74,54.14,15.52,,1.98,0.77,0.106,-0.154,-0.140,1.15,3/13/2025 16:30,1035.01,417.67,373.91,2.01%
462,UNH,Unitedhealth Group Inc,"DJIA, S&P 500",Healthcare,Healthcare Plans,USA,478504.32,33.66,101.27,,0.017,2.14,0.88,0.036,0.026,0.034,0.62,4/17/2025 8:30,4800.58,631.48,523.12,-0.12%
463,UNP,Union Pacific Corp,S&P 500,Industrials,Railroads,USA,142140.29,21.39,27.95,1.74,0.023,2.75,1.92,0.278,0.032,0.040,1.06,4/24/2025 8:30,2704.93,272.11,237.17,0.39%
464,UPS,"United Parcel Service, Inc",S&P 500,Industrials,Integrated Freight & Logistics,USA,92650.82,16.17,19.58,7.45,0.060,2.33,1.53,0.064,-0.134,-0.134,1.09,1/30/2025 8:30,6390.7,130,109.26,-0.66%
465,URI,"United Rentals, Inc",S&P 500,Industrials,Rental & Leasing Services,USA,41289.23,16.31,132.03,7,0.011,2.49,1.72,0.168,-0.118,-0.103,1.72,1/29/2025 16:30,701.04,809.94,631.99,0.84%
466,USB,U.S. Bancorp,S&P 500,Financial,Banks - Regional,USA,65078.1,11.03,33.19,,0.049,2.06,1.28,0.140,-0.139,-0.127,0.94,4/16/2025 8:30,10736.96,54.52,41.77,-1.07%
467,V,Visa Inc,"DJIA, S&P 500",Financial,Credit Services,USA,676621.34,35.38,19.13,9.43,0.007,4.09,0.54,0.535,0.087,0.096,0.94,1/30/2025 16:30,6637.16,383.69,346.35,-1.17%
468,VICI,VICI Properties Inc,S&P 500,Real Estate,REIT - Diversified,USA,34279.42,12.68,25.12,0.5,0.054,4.67,0.67,0.696,0.121,0.111,0.73,2/20/2025 16:30,7214.47,35.92,32.44,-0.55%
469,VLO,Valero Energy Corp,S&P 500,Energy,Oil & Gas Refining & Marketing,USA,42055.97,15.76,77.85,14.89,0.034,4.15,0.47,0.021,0.118,0.091,1.15,4/24/2025 8:30,3322.21,151.47,133.74,1.26%
470,VLTO,Veralto Corp,S&P 500,Industrials,Pollution & Treatment Controls,USA,24165.9,29.26,8.24,4.45,0.004,2.4,1.36,0.160,-0.053,-0.042,1.24,2/5/2025 16:30,1468.31,112.92,97.62,0.17%
471,VMC,Vulcan Materials Co,S&P 500,Basic Materials,Building Materials,USA,31343.65,34.61,61.46,4.55,0.008,1.94,0.73,0.123,-0.096,-0.078,0.8,2/18/2025 8:30,1018.82,307.17,237.27,1.70%
472,VRSK,Verisk Analytics Inc,"NDX, S&P 500",Industrials,Consulting Services,USA,41887.86,44.53,0.71,2.08,0.005,3.2,32.43,0.333,0.077,0.084,0.88,2/26/2025 8:30,804.32,305.47,298.61,0.33%
473,VRSN,Verisign Inc,S&P 500,Technology,Software - Infrastructure,USA,24121.11,31.87,-20.61,6.34,,2.74,,0.505,0.250,0.232,0.87,2/6/2025 16:30,811.82,267.5,254.98,0.44%
474,VRTX,"Vertex Pharmaceuticals, Inc","NDX, S&P 500",Healthcare,Biotechnology,USA,124476.32,,63.87,23.83,,3.91,0.11,-0.049,0.186,0.204,0.51,2/10/2025 16:30,1470.42,506.92,484.74,-0.02%
475,VST,Vistra Corp,S&P 500,Utilities,Utilities - Independent Power Producers,USA,41580.8,17.3,9.11,3.57,0.008,0.76,3.12,0.127,-0.125,-0.113,1.23,2/27/2025 8:30,9195.16,182.26,122.24,4.09%
476,VTR,Ventas Inc,S&P 500,Real Estate,REIT - Healthcare Facilities,USA,31110.31,363.81,24.64,2.13,0.028,4.38,1.28,0.017,0.176,0.176,1.04,2/12/2025 16:30,2982.8,75.44,69.27,0.74%
477,VTRS,Viatris Inc,S&P 500,Healthcare,Drug Manufacturers - Specialty & Generic,USA,10265.72,,15.61,0.69,0.062,3.4,0.77,-0.043,-0.311,-0.309,0.91,2/27/2025 8:30,13331.46,11.6,8.6,-1.26%
478,VZ,Verizon Communications Inc,"DJIA, S&P 500",Communication Services,Telecom Services,USA,191036.38,10.95,23.57,1.07,0.060,3.16,1.7,0.130,0.137,0.135,0.4,4/22/2025 8:30,25106.4,46.33,45.38,0.04%
479,WAB,Westinghouse Air Brake Technologies Corp,S&P 500,Industrials,Railroads,USA,31377.97,30.43,58.91,4.19,0.005,2.18,0.42,0.102,-0.043,-0.031,1.14,4/23/2025 8:30,1171.23,219,183.66,1.27%
480,WAT,Waters Corp,S&P 500,Healthcare,Diagnostics & Research,USA,21150.29,33.23,30.79,5.48,,3.15,0.93,0.216,-0.050,-0.040,1.04,2/12/2025 8:30,472.55,412.06,356,-3.41%
481,WBA,Walgreens Boots Alliance Inc,S&P 500,Healthcare,Pharmaceutical Retailers,USA,9650.44,,11.51,1.38,0.074,1.79,3.09,-0.059,0.160,0.196,0.64,4/8/2025 8:30,25709.26,11.53,11.16,-0.09%
482,WBD,Warner Bros. Discovery Inc,"NDX, S&P 500",Communication Services,Entertainment,USA,25063.14,,13.87,2.22,,1.96,1.26,-0.288,-0.038,-0.034,1.43,2/27/2025 8:30,35487.88,13.08,10.21,-4.85%
483,WDAY,Workday Inc,"NDX, S&P 500",Technology,Software - Application,USA,62384.98,119.95,33.92,30.18,,3.66,0.37,0.063,-0.119,-0.091,1.32,2/25/2025 16:30,2223.65,314.58,234.53,0.43%
484,WDC,Western Digital Corp,S&P 500,Technology,Computer Hardware,USA,14222.52,9.75,34.82,6.59,0.002,3.9,0.66,0.095,-0.109,-0.093,1.39,1/29/2025 16:30,8589.26,65.02,40.89,1.14%
485,WEC,WEC Energy Group Inc,S&P 500,Utilities,Utilities - Regulated Electric,USA,34389.72,22.57,39.02,0.05,0.032,5.14,1.64,0.178,0.148,0.158,0.43,2/4/2025 8:30,2348.04,103.5,108.89,-0.08%
486,WELL,Welltower Inc,S&P 500,Real Estate,REIT - Healthcare Facilities,USA,99953.51,187.48,50.3,5.72,0.019,4.04,0.52,0.063,0.233,0.223,0.92,2/11/2025 16:30,3031.49,166.89,154.15,0.61%
487,WFC,Wells Fargo & Co,S&P 500,Financial,Banks - Diversified,USA,232838.46,13.27,48.8,,0.024,2.21,1.6,0.147,0.003,0.015,1.01,4/11/2025 8:30,16047.36,83.86,71.31,-0.67%
488,WM,"Waste Management, Inc",S&P 500,Industrials,Waste Management,USA,94010.57,34.34,20.55,1.05,0.014,2.32,3.02,0.125,0.146,0.159,0.67,4/28/2025 16:30,1658.09,242.94,233.79,0.98%
489,WMB,Williams Cos Inc,S&P 500,Energy,Oil & Gas Midstream,USA,73936.94,33.34,10.17,0.05,0.033,2.5,2.18,0.207,0.123,0.119,0.9,2/12/2025 16:30,7728.25,61.62,60.57,1.36%
490,WMT,Walmart Inc,"DJIA, S&P 500",Consumer Defensive,Discount Stores,USA,712136.76,36.9,11.34,1.13,0.010,1.84,0.66,0.029,-0.031,-0.017,0.69,2/20/2025 8:30,20420.13,110,88.83,1.18%
491,WRB,W.R. Berkley Corp,S&P 500,Financial,Insurance - Property & Casualty,USA,26640.63,16.12,22.09,,0.011,4.15,0.36,0.129,0.191,0.200,0.41,4/21/2025 16:30,1947.62,66.47,70.25,-1.28%
492,WSM,"Williams-Sonoma, Inc",S&P 500,Consumer Cyclical,Specialty Retail,USA,19621.95,17.62,17.4,9.82,0.018,4.32,0.63,0.149,-0.146,-0.142,1.75,3/19/2025 8:30,2143.87,182.11,158.87,0.49%
493,WST,"West Pharmaceutical Services, Inc",S&P 500,Healthcare,Medical Instruments & Supplies,USA,15915.97,32.91,37.1,6.7,0.003,1.59,0.11,0.170,-0.339,-0.328,1.22,2/13/2025 8:30,967.67,277.67,220.16,-1.66%
494,WTW,Willis Towers Watson Public Limited Co,S&P 500,Financial,Insurance Brokers,United Kingdom,33596.42,,79.55,18.97,0.011,2.09,0.75,-0.010,0.065,0.076,0.69,2/4/2025 8:30,571.56,364.28,337,-0.28%
495,WY,Weyerhaeuser Co,S&P 500,Real Estate,REIT - Specialty,USA,21151.24,53.66,13.39,0.94,0.028,2.98,0.54,0.056,0.041,0.035,1.26,4/24/2025 16:30,3637.73,36.1,29.14,-0.48%
496,WYNN,Wynn Resorts Ltd,S&P 500,Consumer Cyclical,Resorts & Casinos,USA,8783.22,19.37,-2.08,22.85,0.012,2.13,,0.070,-0.067,-0.040,1.53,2/13/2025 16:30,2578.24,113.14,82.73,-0.92%
497,XEL,"Xcel Energy, Inc","NDX, S&P 500",Utilities,Utilities - Regulated Electric,USA,40632.36,20.6,33.99,0.51,0.033,2.53,1.55,0.144,0.038,0.047,0.4,2/6/2025 8:30,3700.74,74.42,70.72,-0.10%
498,XOM,Exxon Mobil Corp,S&P 500,Energy,Oil & Gas Integrated,USA,516531.65,15.16,60.58,5.34,0.034,2.87,0.18,0.099,0.118,0.107,0.58,1/31/2025 8:30,16137.4,128.38,119.04,0.09%
499,XYL,Xylem Inc,S&P 500,Industrials,Specialty Industrial Machinery,USA,29136.38,32.81,43.8,4.61,0.012,2.01,0.22,0.104,0.020,0.033,1.07,2/4/2025 8:30,1486.95,150.57,119.88,0.35%
500,YUM,Yum Brands Inc,S&P 500,Consumer Cyclical,Restaurants,USA,44354.88,30.47,-27.41,3.09,0.018,3.17,,0.197,0.175,0.185,0.89,2/6/2025 8:30,2183.45,157.35,158.92,0.99%
501,ZBH,Zimmer Biomet Holdings Inc,S&P 500,Healthcare,Medical Devices,USA,22368.73,25.33,62.62,2.64,0.008,3.34,0.51,0.118,0.052,0.064,0.85,2/6/2025 8:30,1865.3,120.2,112.37,-0.72%
502,ZBRA,Zebra Technologies Corp,S&P 500,Technology,Communication Equipment,USA,14543.91,27.82,69.62,17.54,,1.07,0.66,0.106,-0.272,-0.267,1.77,2/13/2025 8:30,575.36,394.87,283.07,0.18%
503,ZTS,Zoetis Inc,S&P 500,Healthcare,Drug Manufacturers - Specialty & Generic,USA,72501.98,29.62,10.64,4.44,0.012,2.36,1.42,0.269,-0.016,-0.006,0.93,2/13/2025 8:30,3014.84,206.15,161.91,-1.66%
